"metro,location_tier,sqft,bedrooms,bathrooms,house_age,garage_spaces,lot_size,price"
"Phoenix,3,1186,3,1,37,1,2158,250900"
"Austin,2,1548,4,2,22,1,3074,497100"
"Columbus,3,2077,3,2,49,2,4723,429300"
"Chicago,2,1492,2,2,66,2,5467,376600"
"San Francisco,1,1719,2,2,25,2,6593,1466500"
"Indianapolis,3,2187,4,2,9,2,4993,293600"
"Phoenix,3,1673,1,1,5,3,2224,406900"
"Phoenix,3,2047,3,2,4,1,5901,392000"
"New York,1,2935,6,4,29,3,6954,2406100"
"Austin,2,1788,2,1,77,2,4610,667400"
"Seattle,2,2667,4,3,20,1,6501,1196700"
"Indianapolis,3,2264,3,3,32,2,6866,362300"
"Chicago,2,9460,2,1,53,0,1942,251300"
"Phoenix,3,1184,1,1,52,1,4380,245800"
"Austin,2,1358,2,1,21,3,3231,544500"
"New York,1,1344,2,1,10,1,2899,983000"
"Denver,2,1841,4,3,12,1,6967,739800"
"San Francisco,1,2300,3,2,17,3,5066,1625700"
"Phoenix,3,2716,4,2,6,1,3891,650900"
"Chicago,2,2100,4,2,36,1,3433,527600"
"Phoenix,3,1610,2,1,51,0,5152,285600"
"Seattle,2,547,1,1,54,1,1518,276400"
"Indianapolis,3,1946,3,1,72,1,5248,270300"
"Columbus,3,1917,4,3,23,0,2740,267800"
"Phoenix,3,2019,3,2,52,2,3350,373800"
"New York,1,3269,5,3,70,1,7549,1508700"
"Austin,2,2706,3,2,2,1,6642,847900"
"San Francisco,1,2410,4,3,62,0,5433,1651100"
"New York,1,1275,3,1,7,1,3325,993500"
"Chicago,2,1567,2,1,44,2,5099,389800"
"Phoenix,3,1838,3,2,66,1,5477,334900"
"Indianapolis,3,1396,2,1,36,1,4065,257300"
"Seattle,2,2225,3,1,44,1,6145,1111300"
"Seattle,2,2132,3,2,49,0,3758,744300"
"Austin,2,1193,2,2,46,0,3451,475700"
"New York,1,2678,4,3,58,1,4402,1771700"
"New York,1,1967,2,1,68,0,6287,960700"
"Austin,2,776,1,1,10,1,1914,310700"
"New York,1,1867,3,2,33,1,5280,810200"
"Chicago,2,2083,3,1,68,2,7532,546800"
"Austin,2,2532,5,4,30,1,5684,764900"
"Phoenix,3,1681,4,3,39,1,2487,372600"
"Chicago,2,2438,5,3,59,1,9011,850500"
"Boston,1,2022,2,1,74,1,4493,1024100"
"Phoenix,3,1045,2,2,20,1,2443,244300"
"Phoenix,3,980,2,2,76,1,1988,172800"
"Seattle,2,2630,5,4,56,1,6250,1241900"
"Boston,1,2677,4,2,2,1,7117,1140000"
"Chicago,2,2110,4,2,68,0,7514,597200"
"New York,1,2872,4,3,30,3,9238,2578200"
"New York,1,2587,4,2,22,2,6822,1879400"
"San Francisco,1,2344,3,3,42,0,7826,2057600"
"Phoenix,3,1308,2,2,46,3,4675,347000"
"Chicago,2,3025,4,2,43,1,4123,685700"
"Chicago,2,2249,4,2,4,0,6428,657200"
"Phoenix,3,1649,3,2,65,1,2179,278200"
"Austin,2,1466,2,1,27,3,3024,620000"
"Denver,2,2067,3,2,11,1,6893,603200"
"New York,1,814,2,2,45,2,2780,696400"
"New York,1,2355,3,1,49,2,8654,1747100"
"Chicago,2,1280,1,1,8,1,3322,366800"
"Austin,2,2141,4,2,75,1,3074,598400"
"Denver,2,1561,2,1,48,0,2427,448500"
"Phoenix,3,1728,2,1,79,2,3256,273800"
"Chicago,2,1408,1,1,53,1,3157,364200"
"Denver,2,1795,3,1,0,1,4800,547900"
"Denver,2,3128,5,3,16,0,9411,879200"
"Boston,1,2800,3,1,77,2,4634,1251900"
"San Francisco,1,2130,3,1,44,2,3683,1717900"
"Austin,2,1884,4,2,9,1,3173,660100"
"New York,1,2449,3,2,5,1,8116,1349700"
"Seattle,2,2634,4,3,42,1,5389,1214800"
"Columbus,3,1361,3,1,47,1,2269,218200"
"New York,1,1850,3,2,19,0,4455,1582000"
"San Francisco,1,716,2,1,15,2,1355,693700"
"Boston,1,2630,2,2,48,0,5876,1170200"
"Boston,1,3242,6,4,34,0,11370,1456800"
"Chicago,2,1952,3,2,2,0,4167,572200"
"Denver,2,519,3,1,4,1,877,395900"
"Phoenix,3,2296,3,2,19,1,4250,449800"
"Chicago,2,1312,1,1,45,2,1701,402200"
"Seattle,2,1469,2,1,24,1,5469,665900"
"Phoenix,3,2307,3,2,1,1,7271,578200"
"New York,1,2065,4,3,73,1,5157,1022800"
"San Francisco,1,1583,3,1,55,1,4386,1492100"
"San Francisco,1,1478,2,1,46,2,2825,1193000"
"Chicago,2,1982,3,1,19,2,4619,532000"
"Austin,2,1634,3,1,56,2,3424,598900"
"New York,1,1179,2,1,75,2,4137,787200"
"Austin,2,1684,2,1,54,2,5526,484300"
"New York,1,2121,4,2,23,1,4231,1018800"
"Chicago,2,1784,4,2,31,1,5948,628100"
"Austin,2,981,2,1,74,2,1435,312700"
"Seattle,2,2543,4,2,1,1,4494,999000"
"Boston,1,500,1,1,17,1,749,317000"
"Chicago,2,1610,2,1,8,3,3006,565100"
"Seattle,2,1497,2,1,51,1,2745,566700"
"San Francisco,1,1996,3,2,36,0,7428,1682600"
"New York,1,2265,3,1,10,1,4794,1453400"
"Indianapolis,3,2632,4,3,75,1,5776,297500"
"Columbus,3,1437,1,1,44,1,2126,253400"
"Chicago,2,2281,3,2,19,1,3159,682800"
"Boston,1,2027,4,3,75,1,3678,836500"
"Indianapolis,3,787,1,1,55,1,1241,124500"
"Phoenix,3,3135,5,3,10,0,6787,639700"
"Chicago,2,965,2,1,66,1,1661,265600"
"Austin,2,2173,4,2,4,0,3692,938900"
"Boston,1,2153,4,3,72,1,6487,949700"
"San Francisco,1,2079,3,3,31,2,7979,1623500"
"Columbus,3,1579,3,2,23,0,1950,273700"
"Austin,2,2438,5,3,4,3,7742,810200"
"New York,1,886,2,2,74,2,2699,492100"
"Boston,1,1857,2,1,44,1,5270,870000"
"Denver,2,1533,2,1,48,1,4811,508200"
"New York,1,1460,3,2,68,0,3832,944000"
"Columbus,3,2179,3,2,40,0,8270,360000"
"Phoenix,3,2600,5,3,23,3,4272,491600"
"Chicago,2,1677,3,2,62,2,4236,458700"
"Austin,2,2407,4,2,42,2,7290,829300"
"Chicago,2,1932,4,2,19,2,7234,610100"
"Denver,2,1320,2,1,67,3,3386,427900"
"Chicago,2,1732,3,2,65,2,6816,490700"
"San Francisco,1,1705,3,2,19,0,5180,1605200"
"Seattle,2,1447,1,1,51,1,4569,630200"
"San Francisco,1,2179,3,2,73,1,7607,1708700"
"Austin,2,2053,4,3,63,1,6682,545700"
"Seattle,2,866,1,1,15,1,2306,494600"
"New York,1,827,2,1,68,1,2781,544400"
"San Francisco,1,2176,2,1,4,2,2829,1711600"
"Denver,2,1370,1,1,49,0,5222,356700"
"New York,1,2096,4,2,40,2,7346,1795600"
"Indianapolis,3,2408,4,2,2,1,7189,274600"
"Denver,2,1074,2,2,58,0,1496,395400"
"Seattle,2,983,2,2,23,2,1991,526700"
"Denver,2,2988,5,2,68,1,5708,651300"
"San Francisco,1,2129,3,2,70,2,4087,1949700"
"Indianapolis,3,1627,2,1,47,2,5014,262200"
"Austin,2,1293,2,2,50,0,4724,324900"
"Phoenix,3,1568,3,2,4,1,4874,363500"
"San Francisco,1,1126,1,1,71,0,2577,860000"
"Austin,2,2474,4,2,54,0,9683,974600"
"Austin,2,1395,2,1,30,3,5043,502700"
"Indianapolis,3,2611,4,2,6,2,8144,285600"
"Denver,2,1640,3,2,40,1,3793,623300"
"Austin,2,1222,1,1,72,2,3806,417600"
"Boston,1,1623,3,2,69,3,3802,561100"
"Seattle,2,500,1,1,7,1,817,333100"
"Austin,2,1822,3,2,60,0,5343,621700"
"Austin,2,1789,2,1,6,2,5644,633200"
"San Francisco,1,2436,3,2,30,2,5306,1685600"
"Phoenix,3,674,1,1,35,1,2563,168100"
"Columbus,3,2655,4,2,1,1,9537,456100"
"New York,1,2433,4,2,10,1,6890,1734600"
"Denver,2,2714,5,2,70,2,3715,846000"
"San Francisco,1,1866,4,2,50,2,2329,1066400"
"Chicago,2,2559,3,2,62,1,7656,651700"
"Boston,1,944,1,1,45,2,3284,522000"
"Chicago,2,2363,3,2,35,1,6146,630400"
"Chicago,2,1399,2,2,1,2,1771,421400"
"Phoenix,3,827,1,1,43,2,1328,230000"
"San Francisco,1,1169,2,1,61,1,2094,1028600"
"Columbus,3,1904,4,3,16,1,5631,348600"
"New York,1,1364,3,1,39,1,3493,933500"
"San Francisco,1,2144,4,2,32,2,3186,1822600"
"Denver,2,725,3,2,69,2,1888,311300"
"Seattle,2,517,1,1,13,1,1879,292700"
"Phoenix,3,2792,3,2,8,3,6783,510300"
"Phoenix,3,2487,5,3,16,2,4027,550200"
"Boston,1,1218,1,1,12,0,3433,544600"
"Indianapolis,3,1898,2,1,67,1,7217,199000"
"Boston,1,2563,4,2,20,1,3907,1076400"
"Austin,2,2172,3,2,28,0,3558,749600"
"Boston,1,1996,3,1,20,3,5563,1175600"
"Indianapolis,3,2612,3,2,65,2,5621,318600"
"New York,1,1425,2,1,53,0,5283,922200"
"San Francisco,1,1920,4,2,37,1,6136,1556200"
"Austin,2,1888,3,2,63,1,3043,550500"
"Indianapolis,3,1723,2,2,5,1,6268,276000"
"Columbus,3,1647,2,1,54,1,4938,273800"
"Phoenix,3,1947,2,1,28,2,5027,345200"
"Columbus,3,1922,3,2,30,2,3687,304300"
"Columbus,3,1219,2,1,12,3,3680,256200"
"Austin,2,2421,3,2,7,1,8996,891800"
"Boston,1,1265,1,1,55,1,1654,466300"
"Phoenix,3,1758,3,2,68,2,3956,339200"
"Chicago,2,1708,2,2,72,1,6524,367900"
"Seattle,2,2133,4,3,19,1,4846,857000"
"San Francisco,1,523,1,1,61,3,680,513200"
"Phoenix,3,2479,3,2,8,2,3679,508500"
"Boston,1,1460,2,1,62,2,4576,818200"
"Indianapolis,3,2693,6,4,45,1,8511,413100"
"Boston,1,1589,3,2,68,1,2419,800500"
"New York,1,1868,3,1,5,1,3388,1414200"
"Phoenix,3,3144,5,3,62,1,8737,595200"
"New York,1,1720,1,1,37,0,5370,942600"
"New York,1,2705,3,2,45,2,4434,1694500"
"Denver,2,1925,1,1,43,1,4770,532300"
"Columbus,3,2170,5,3,57,1,6019,339200"
"New York,1,1945,4,3,47,2,2605,1333300"
"Boston,1,2451,4,2,33,2,4477,947400"
"Phoenix,3,1454,2,1,34,1,5486,285700"
"Indianapolis,3,1260,1,1,5,2,4617,210700"
"Austin,2,1485,2,1,57,1,3123,463100"
"New York,1,1965,4,3,56,1,7134,1209900"
"San Francisco,1,1756,3,2,45,0,5217,1245500"
"New York,1,2362,3,2,57,2,9326,1578500"
"New York,1,2748,3,2,21,2,10732,1757100"
"Chicago,2,1266,3,2,17,3,3706,426700"
"New York,1,1423,2,1,73,1,3572,771600"
"Austin,2,966,1,1,76,1,1544,265600"
"Chicago,2,3220,4,2,68,1,8646,959300"
"Denver,2,2098,2,2,4,3,4857,648700"
"New York,1,2212,3,2,43,2,6653,1099900"
"Phoenix,3,1029,2,1,58,3,1493,235200"
"Chicago,2,1899,3,1,2,1,6718,511000"
"Chicago,2,2231,4,2,77,1,8719,579900"
"New York,1,1736,3,2,62,1,3101,1104600"
"New York,1,2599,5,3,24,1,7724,1886400"
"Indianapolis,3,3403,5,3,40,1,11725,486700"
"Seattle,2,1284,4,2,72,0,3534,515900"
"Boston,1,1236,2,1,68,0,4721,639000"
"Austin,2,1329,1,1,66,1,3500,306300"
"Chicago,2,2944,4,3,78,3,5763,602500"
"Indianapolis,3,2578,4,3,59,2,6498,332600"
"Boston,1,1812,2,2,74,2,4650,647100"
"Indianapolis,3,1924,3,1,76,1,3676,230100"
"San Francisco,1,1369,1,1,1,2,4659,1101500"
"Denver,2,2479,4,2,52,1,7263,834100"
"Chicago,2,1653,2,2,26,0,3698,450300"
"San Francisco,1,1731,2,1,39,1,4121,1290300"
"New York,1,2296,4,3,13,0,5145,1497400"
"Seattle,2,1778,4,1,54,2,4363,643400"
"Indianapolis,3,1747,2,2,66,2,4680,276200"
"Denver,2,1907,3,2,32,1,4055,694900"
"Indianapolis,3,2417,3,1,55,2,8437,291600"
"Phoenix,3,2970,4,3,25,1,11284,737300"
"Austin,2,2281,3,2,59,1,6076,667900"
"Phoenix,3,2422,4,3,6,2,7731,497400"
"San Francisco,1,1770,2,2,70,2,6736,1425000"
"San Francisco,1,1440,4,3,30,2,2502,1313200"
"Phoenix,3,2325,4,2,40,0,4025,445100"
"Phoenix,3,2011,2,1,64,1,2822,338900"
"New York,1,975,1,1,2,0,2377,856300"
"Denver,2,1687,2,1,75,0,3589,424300"
"Denver,2,1846,3,2,49,0,5112,561100"
"Columbus,3,1568,1,1,78,0,3862,255400"
"Denver,2,2863,3,2,44,1,4960,691900"
"Seattle,2,2212,3,1,16,1,5077,872300"
"Seattle,2,2793,5,3,46,2,3578,1256800"
"Austin,2,2071,4,3,45,1,5601,757900"
"Chicago,2,1953,4,2,73,0,3826,523700"
"Columbus,3,1291,2,1,46,3,1955,193400"
"Austin,2,1908,3,2,32,2,2641,679900"
"Boston,1,1908,3,2,14,0,6106,918400"
"New York,1,1011,1,1,26,1,1913,930400"
"Phoenix,3,1549,1,1,46,1,4716,338700"
"Phoenix,3,1690,3,2,29,3,5887,394300"
"San Francisco,1,2169,3,2,29,1,5639,1744800"
"San Francisco,1,2200,3,2,1,0,3460,1740200"
"Denver,2,1522,2,1,75,2,4445,483300"
"New York,1,2205,4,2,66,2,3088,1252800"
"Phoenix,3,1782,3,1,20,1,6216,457700"
"Boston,1,500,1,1,10,1,1666,301800"
"New York,1,1585,3,2,66,1,3686,1056500"
"Indianapolis,3,2601,4,3,66,1,5081,317200"
"New York,1,807,1,1,71,1,2572,533700"
"Boston,1,1973,3,2,43,2,5501,1058100"
"New York,1,2930,4,2,58,2,4706,1453800"
"New York,1,1406,4,2,58,2,4676,969200"
"San Francisco,1,1901,3,2,17,2,4059,1273300"
"San Francisco,1,1052,2,1,41,1,3895,846500"
"New York,1,2958,4,2,20,1,10420,1628400"
"San Francisco,1,1846,4,3,60,2,3641,1466600"
"Denver,2,1930,4,3,77,0,3695,531700"
"Chicago,2,2780,5,3,6,0,6433,827000"
"Seattle,2,2330,4,2,6,0,8044,1166800"
"Boston,1,1331,3,2,21,2,2084,712400"
"Austin,2,1479,3,2,9,1,3084,630000"
"Columbus,3,2222,4,2,0,1,6767,480900"
"Columbus,3,1494,2,1,78,1,1933,185100"
"San Francisco,1,524,1,1,46,2,711,570800"
"New York,1,1865,2,2,62,0,6218,1185400"
"New York,1,938,1,1,45,1,2497,579900"
"Boston,1,2951,5,4,59,2,8149,1418300"
"Denver,2,2015,2,1,54,2,3822,582800"
"Seattle,2,1312,3,2,12,1,3528,530300"
"San Francisco,1,1446,2,1,12,1,3942,1040100"
"Seattle,2,672,1,1,39,3,1585,424800"
"Austin,2,1185,2,1,29,1,4622,466100"
"San Francisco,1,2561,4,3,67,2,3426,2220000"
"Phoenix,3,3351,5,4,24,2,7914,647700"
"San Francisco,1,2372,4,2,26,2,8541,1709100"
"Indianapolis,3,1840,3,1,42,0,3271,205700"
"San Francisco,1,1619,2,2,15,1,6181,1509500"
"Columbus,3,1278,1,1,68,1,3056,201300"
"Columbus,3,3239,6,4,0,1,5307,527500"
"Indianapolis,3,1777,1,1,67,1,2596,199600"
"Phoenix,3,3275,5,3,49,1,6929,703300"
"Phoenix,3,2806,4,2,71,1,10593,517900"
"Chicago,2,768,1,1,23,2,2941,270800"
"Phoenix,3,1467,1,1,72,1,4074,246100"
"New York,1,1465,2,2,69,1,2243,884000"
"Denver,2,1848,3,2,36,1,4580,629900"
"Austin,2,1861,4,3,22,2,4410,575700"
"Columbus,3,3848,6,4,15,0,7107,617700"
"Austin,2,1200,1,1,12,2,1695,512300"
"Seattle,2,2049,3,2,46,1,4648,825300"
"Chicago,2,2301,4,3,76,1,5157,640700"
"Boston,1,1899,2,2,45,2,6022,1053300"
"New York,1,1972,3,2,77,1,4543,1363700"
"Austin,2,1221,2,1,60,2,1510,378100"
"Seattle,2,1969,3,1,54,3,2473,781700"
"New York,1,2232,5,3,57,0,6975,1535600"
"Seattle,2,2113,3,2,74,1,6445,777500"
"Seattle,2,2271,4,3,68,3,3745,859700"
"Seattle,2,2818,4,2,12,2,10216,1127400"
"Seattle,2,2509,4,2,46,2,7666,1347100"
"Chicago,2,1946,4,2,36,1,3175,506500"
"Boston,1,1138,1,1,70,1,2282,565600"
"Indianapolis,3,1510,2,1,16,2,5929,239300"
"Columbus,3,1757,2,1,65,2,4114,323400"
"Austin,2,2064,2,1,38,1,3845,630400"
"Seattle,2,1589,3,2,74,0,4239,626000"
"Denver,2,1292,2,1,63,2,2294,306500"
"Columbus,3,1128,1,1,27,1,3854,246900"
"Chicago,2,827,3,1,67,3,2832,299500"
"Phoenix,3,1747,2,1,14,1,6014,331300"
"Denver,2,945,1,1,0,1,2767,434600"
"Chicago,2,1250,3,2,40,1,3929,316300"
"Boston,1,1644,2,1,31,1,3452,841800"
"Chicago,2,1032,1,1,10,1,3778,329200"
"New York,1,2147,2,1,79,0,3443,1462400"
"Chicago,2,2381,3,2,3,1,4554,671300"
"Columbus,3,1543,2,1,47,1,6140,293200"
"New York,1,1616,3,2,20,2,6285,1364200"
"Denver,2,2249,4,2,23,1,5895,697300"
"San Francisco,1,1436,2,2,16,1,3730,1199100"
"Chicago,2,1391,2,1,31,2,2124,340700"
"San Francisco,1,2678,3,2,53,0,8160,1903500"
"Indianapolis,3,2475,4,2,25,1,3185,441600"
"New York,1,2291,4,3,57,2,4766,1637400"
"Indianapolis,3,2502,5,2,35,1,5933,324300"
"Phoenix,3,615,1,1,62,1,2277,169900"
"Denver,2,2780,4,2,35,2,10874,918100"
"Phoenix,3,2155,3,1,29,3,8463,512700"
"Phoenix,3,2557,4,2,40,2,8788,555500"
"Indianapolis,3,2152,4,3,54,1,4330,329800"
"Boston,1,1932,3,1,37,2,2564,682600"
"Denver,2,1721,2,1,72,1,4116,549200"
"San Francisco,1,2139,2,2,41,1,4348,1174500"
"Denver,2,1697,3,2,23,1,5150,647100"
"New York,1,2464,5,2,2,2,5517,1733500"
"Denver,2,869,1,1,31,1,3210,355500"
"Denver,2,1548,3,2,4,2,3479,577200"
"Austin,2,3229,6,3,2,3,7292,1269000"
"Austin,2,1493,2,1,29,1,4965,534400"
"Phoenix,3,1745,2,1,23,0,4977,374900"
"Phoenix,3,1326,2,2,70,3,2539,286000"
"Austin,2,2118,4,2,58,1,6555,856200"
"Denver,2,1421,3,1,63,2,3945,476100"
"Indianapolis,3,1779,3,2,43,0,2653,216300"
"New York,1,2452,3,2,8,1,6150,1544600"
"New York,1,1446,2,1,68,1,5455,1000800"
"San Francisco,1,2413,4,2,39,1,4327,2098400"
"Chicago,2,2434,4,3,34,3,5746,612500"
"Seattle,2,2586,5,3,48,1,5101,1329900"
"Phoenix,3,1991,1,1,13,1,5382,421100"
"Chicago,2,4007,6,4,38,2,15749,1114300"
"Seattle,2,2585,4,3,48,3,5345,903300"
"Columbus,3,2111,2,2,55,1,7456,382500"
"Phoenix,3,1331,3,2,40,2,4721,299800"
"Boston,1,1837,2,1,79,0,3539,691600"
"Seattle,2,2827,4,2,79,2,9508,1056000"
"Boston,1,3011,6,4,7,2,11944,1780400"
"New York,1,2861,5,3,6,2,11076,2114800"
"New York,1,2410,4,2,41,2,6980,1431700"
"Indianapolis,3,1084,2,1,66,3,1761,156400"
"Austin,2,2217,3,2,40,1,3401,839400"
"Seattle,2,1093,3,2,17,2,2128,543000"
"Chicago,2,933,2,1,44,2,2690,308900"
"Denver,2,2055,3,2,75,1,4688,643800"
"Indianapolis,3,2240,2,1,13,3,7072,209800"
"Phoenix,3,2487,4,2,35,2,8470,596800"
"Austin,2,2223,3,1,51,2,3791,631000"
"Seattle,2,2246,2,1,31,1,8388,885900"
"Indianapolis,3,1260,2,1,3,2,1726,278000"
"Chicago,2,1832,3,2,53,1,3557,555800"
"Indianapolis,3,920,2,1,59,3,3203,172900"
"New York,1,598,1,1,52,0,1025,460700"
"Columbus,3,2381,3,2,53,2,4325,412300"
"Chicago,2,1410,3,2,52,0,5544,461800"
"New York,1,2467,3,1,26,2,9263,1963800"
"Denver,2,2620,4,2,1,1,9106,874600"
"Chicago,2,1497,2,2,79,2,2525,336200"
"San Francisco,1,2284,4,2,16,2,4372,1753700"
"Austin,2,1470,2,1,66,1,2732,465000"
"Phoenix,3,700,2,2,43,2,1211,194100"
"Boston,1,1980,4,1,43,2,7756,845500"
"Austin,2,1594,2,1,1,1,2654,613800"
"Austin,2,1614,1,1,79,1,5311,394300"
"Boston,1,3184,6,3,42,1,4276,1449200"
"Columbus,3,908,1,1,66,0,2472,143600"
"Phoenix,3,2149,3,2,62,1,3005,400400"
"New York,1,1253,2,1,11,1,1720,1000700"
"Indianapolis,3,2490,4,2,75,1,4593,349300"
"Columbus,3,2094,4,2,47,3,7940,472000"
"Boston,1,2147,3,2,14,0,6417,979200"
"Phoenix,3,1286,3,2,46,2,3889,309200"
"San Francisco,1,1402,3,1,49,2,2851,1134000"
"Indianapolis,3,2503,4,2,52,2,8075,373400"
"Chicago,2,3051,4,3,25,1,9484,686300"
"Chicago,2,2212,4,2,75,1,5514,465000"
"San Francisco,1,1317,3,2,18,2,4098,1158800"
"Columbus,3,2120,4,2,39,2,7691,304000"
"San Francisco,1,3478,5,3,67,2,13526,2506300"
"Boston,1,1967,3,2,6,1,7849,936500"
"New York,1,2850,5,3,32,1,7317,1819500"
"Phoenix,3,1419,2,1,38,1,1833,329500"
"New York,1,1873,2,1,61,2,3450,1026100"
"Columbus,3,2303,3,1,63,2,4033,374800"
"Chicago,2,2158,3,2,63,1,4406,494600"
"San Francisco,1,1402,3,2,28,1,3098,1099500"
"San Francisco,1,1374,3,2,39,0,4221,1176500"
"San Francisco,1,2542,3,2,2,1,6792,1938000"
"Denver,2,2675,4,3,65,1,8077,709700"
"Phoenix,3,2883,4,2,24,0,11305,560800"
"New York,1,3073,5,3,37,1,4110,1546600"
"Columbus,3,1988,3,1,54,2,2466,318100"
"San Francisco,1,1698,2,1,62,2,5202,803400"
"Phoenix,3,2778,3,2,6,1,7583,632700"
"Indianapolis,3,2363,4,2,61,0,6030,344700"
"Phoenix,3,1261,2,2,30,2,4526,368500"
"Chicago,2,1228,1,1,33,1,2020,428800"
"Phoenix,3,2220,3,2,10,1,6230,532600"
"San Francisco,1,1785,4,2,57,1,6800,1296400"
"New York,1,18830,2,1,38,3,4610,1589000"
"New York,1,2597,3,2,8,1,7333,1498500"
"Austin,2,2393,5,3,11,3,3341,663700"
"Phoenix,3,2764,4,2,57,1,6019,627600"
"Chicago,2,645,1,1,8,0,849,256000"
"Columbus,3,2065,3,1,41,1,5787,259100"
"New York,1,2352,4,2,55,2,6711,1288300"
"Chicago,2,908,1,1,72,1,3507,252200"
"New York,1,1474,3,2,12,1,4404,977000"
"Boston,1,1354,3,2,23,3,1636,662600"
"Chicago,2,1914,4,2,12,1,6762,704600"
"Indianapolis,3,2958,4,3,70,0,6280,482100"
"Denver,2,3215,6,4,47,2,10288,1023800"
"San Francisco,1,1371,2,2,78,1,2659,989300"
"Denver,2,2242,3,1,3,1,7463,816100"
"San Francisco,1,2263,3,2,56,2,8593,1620100"
"Columbus,3,2152,4,3,2,1,3060,288700"
"Chicago,2,2159,4,3,8,1,5882,421700"
"New York,1,2097,3,2,34,1,5689,1389200"
"San Francisco,1,2997,5,2,29,0,6000,2479600"
"New York,1,2617,4,3,29,1,5644,1736600"
"Indianapolis,3,1211,1,1,5,1,3746,246000"
"Austin,2,2417,3,1,43,1,4881,844900"
"Phoenix,3,2480,4,2,27,0,3189,561100"
"Chicago,2,2105,3,1,79,1,7060,515700"
"Denver,2,2635,3,1,63,1,7775,774000"
"New York,1,2022,4,3,34,1,3844,1369800"
"Indianapolis,3,2030,3,2,61,3,7901,300300"
"Boston,1,1979,4,2,46,0,7353,766400"
"Denver,2,588,1,1,39,1,2293,272400"
"Chicago,2,1848,3,1,73,2,4868,435600"
"Chicago,2,1466,2,2,46,0,2725,366200"
"Indianapolis,3,1129,1,1,38,3,1904,179000"
"New York,1,2832,4,3,45,2,10920,1585400"
"Austin,2,2228,5,3,62,1,8231,749700"
"Seattle,2,1881,3,3,59,1,6160,834700"
"Austin,2,1533,2,1,43,1,4031,473100"
"New York,1,2093,2,1,14,2,4764,1588200"
"New York,1,2544,3,2,50,0,8064,1551800"
"Boston,1,1362,2,1,34,2,1671,545200"
"Boston,1,1897,2,1,74,2,5061,967300"
"Austin,2,2464,4,2,72,2,7639,805500"
"Denver,2,642,1,1,0,0,2125,324400"
"Chicago,2,1863,3,2,79,2,4589,512100"
"Seattle,2,1621,3,1,72,2,5327,578600"
"Seattle,2,1813,4,2,72,0,2662,653100"
"New York,1,1574,1,1,39,2,2917,1169500"
"Denver,2,1989,2,1,21,0,3192,734900"
"Boston,1,3150,4,2,48,3,6777,1429200"
"San Francisco,1,1689,3,2,70,0,3655,1148300"
"Seattle,2,2090,2,1,36,1,4696,1005700"
"Austin,2,3197,6,4,78,2,8006,942200"
"New York,1,1542,2,1,20,0,3734,1095300"
"Denver,2,3080,5,3,68,1,7926,849300"
"Denver,2,1903,4,2,5,0,6294,678700"
"Chicago,2,3058,5,3,67,2,4886,661700"
"Chicago,2,2388,4,3,75,0,5211,552100"
"Chicago,2,2100,3,2,56,2,2521,486300"
"Boston,1,1857,2,1,49,1,2375,887700"
"Phoenix,3,1494,2,1,32,1,4330,327200"
"Denver,2,1949,5,4,69,1,7119,699800"
"Austin,2,2483,4,3,10,1,5106,780500"
"Chicago,2,1891,3,2,23,3,4397,533600"
"Seattle,2,1694,2,1,10,2,3028,803700"
"Austin,2,1737,3,2,22,3,2779,702200"
"Chicago,2,2545,3,2,41,2,9354,558800"
"Columbus,3,2696,3,2,26,2,7554,463700"
"Indianapolis,3,1466,2,1,33,3,4653,224200"
"Austin,2,1465,4,3,18,1,5376,657600"
"Austin,2,2147,5,3,28,3,6114,968600"
"Phoenix,3,2893,4,3,39,0,4932,376600"
"Boston,1,2645,4,3,17,0,8457,1173800"
"Phoenix,3,1086,1,1,74,1,3577,211300"
"Austin,2,1728,3,2,71,1,4076,551200"
"New York,1,1295,2,1,70,1,3791,922400"
"San Francisco,1,1726,3,2,0,1,4413,1464900"
"Columbus,3,2943,5,3,39,1,6276,441700"
"San Francisco,1,975,1,1,63,2,3006,673400"
"Boston,1,848,2,2,27,1,1605,419700"
"Seattle,2,1361,2,1,18,1,2881,557500"
"New York,1,2087,4,3,48,2,4875,1313300"
"Boston,1,2303,3,2,0,2,6727,1209500"
"Phoenix,3,2184,4,2,48,2,7832,447900"
"San Francisco,1,2664,4,2,36,1,7784,1873500"
"Phoenix,3,754,1,1,54,0,2438,143900"
"Columbus,3,2672,5,2,54,3,5396,390700"
"Seattle,2,1697,2,2,42,0,4828,655700"
"New York,1,2375,3,1,46,2,3541,1367000"
"Denver,2,1040,1,1,2,1,2597,431900"
"New York,1,1903,2,1,78,1,5960,1362100"
"Seattle,2,2054,3,2,6,2,3498,775600"
"Indianapolis,3,2651,4,2,78,1,9877,407100"
"Indianapolis,3,870,2,1,77,0,2060,126300"
"Phoenix,3,1920,3,2,57,2,5912,399100"
"Boston,1,1195,3,2,59,0,3006,681300"
"Chicago,2,2229,4,2,2,1,7245,635000"
"Chicago,2,2405,3,2,75,1,6821,608100"
"Seattle,2,2737,4,3,42,1,4224,1105700"
"Chicago,2,1552,3,1,27,2,5881,465000"
"San Francisco,1,2503,5,3,53,1,7630,2031100"
"New York,1,2785,4,2,42,1,7023,1802000"
"Austin,2,832,1,1,28,1,2575,355500"
"New York,1,2298,2,2,25,2,4436,1397700"
"New York,1,2523,4,2,9,0,8460,1584700"
"Phoenix,3,1732,1,1,72,3,4073,294200"
"Indianapolis,3,1113,3,2,53,1,3844,184100"
"Denver,2,2513,4,3,23,1,4944,889000"
"Phoenix,3,1120,1,1,57,2,3822,224400"
"Indianapolis,3,1784,2,1,55,1,6670,276500"
"New York,1,1874,4,3,11,2,7395,1440000"
"Austin,2,2365,3,2,14,3,7981,803400"
"Seattle,2,1493,2,1,18,2,4735,789800"
"San Francisco,1,1455,2,1,8,1,3864,1319700"
"Phoenix,3,1964,3,2,65,2,2938,372500"
"Austin,2,2554,4,2,12,1,7068,873000"
"Austin,2,3387,6,4,64,2,9406,1110600"
"New York,1,920,2,1,42,1,1271,534400"
"New York,1,2105,3,2,9,0,6597,1308500"
"Columbus,3,1194,3,2,67,1,1931,211200"
"San Francisco,1,2562,3,2,13,1,7354,1618700"
"New York,1,1290,1,1,79,2,3255,731300"
"Boston,1,1461,2,1,1,0,5333,732500"
"Austin,2,1517,2,1,49,0,2807,653300"
"Denver,2,1850,2,1,25,2,3107,630900"
"Austin,2,2110,3,2,42,1,5788,797300"
"San Francisco,1,2214,3,2,67,3,5510,1501600"
"Boston,1,1896,3,1,62,1,3131,868800"
"Columbus,3,1036,3,1,22,0,3023,168400"
"Chicago,2,2373,2,1,5,0,8866,618800"
"Chicago,2,1866,2,1,22,1,6107,545600"
"Chicago,2,2655,4,2,64,0,4744,522400"
"Phoenix,3,1440,3,2,41,2,2689,335700"
"San Francisco,1,859,1,1,60,0,2372,695000"
"Seattle,2,1878,2,2,39,3,5816,753300"
"Denver,2,2742,5,3,42,1,10807,783400"
"Seattle,2,2005,4,2,5,2,2994,818400"
"Columbus,3,1770,3,2,1,0,4832,322500"
"Austin,2,1334,1,1,56,0,5289,418700"
"Phoenix,3,3043,5,3,16,1,4596,645900"
"Columbus,3,1231,2,1,28,1,4829,224300"
"Austin,2,1428,2,2,29,1,3562,621000"
"Columbus,3,2271,3,2,50,1,7287,436300"
"Denver,2,694,2,1,75,1,1659,225400"
"Columbus,3,2728,4,2,60,3,9698,423400"
"Seattle,2,2306,4,3,51,1,8633,907200"
"Austin,2,2485,5,2,66,0,4142,792700"
"Denver,2,2263,4,2,40,1,7450,755200"
"San Francisco,1,1795,2,2,11,1,2258,1396600"
"Seattle,2,1209,3,2,39,1,2388,525200"
"Columbus,3,1809,3,2,78,2,4969,294100"
"Chicago,2,1266,4,2,62,2,3657,371400"
"New York,1,2216,4,2,27,2,4926,1400400"
"Seattle,2,2424,4,2,25,1,4744,1016000"
"New York,1,2860,5,3,73,0,4807,1636100"
"San Francisco,1,2142,3,1,7,2,4008,1542300"
"Indianapolis,3,2501,4,2,74,1,3913,320300"
"Austin,2,1707,3,3,54,1,3297,539300"
"Boston,1,1589,3,2,64,1,5561,685400"
"Denver,2,2208,4,2,26,2,4427,797800"
"San Francisco,1,1649,3,1,51,1,6170,1221700"
"Boston,1,2075,3,1,26,3,3915,1216300"
"Chicago,2,1210,2,1,1,1,3119,421300"
"Chicago,2,1327,1,1,36,3,2215,338800"
"Indianapolis,3,2313,5,3,78,1,2886,351100"
"Chicago,2,2476,3,2,19,2,7308,619000"
"Austin,2,1259,3,1,12,1,2701,606700"
"Phoenix,3,2336,4,2,73,2,5060,448500"
"Columbus,3,1554,3,2,72,1,3639,260900"
"Chicago,2,1911,3,3,67,2,6455,513800"
"Indianapolis,3,2821,4,3,78,2,6543,388900"
"Phoenix,3,2425,3,2,79,1,3497,407900"
"Columbus,3,2417,5,3,73,1,4787,330100"
"New York,1,3141,5,4,77,1,8836,2070900"
"Chicago,2,1442,3,1,59,3,5742,458900"
"Austin,2,1259,3,2,25,3,2015,431000"
"Denver,2,1431,2,1,36,0,3013,530200"
"Chicago,2,1735,3,2,30,1,4441,524100"
"Indianapolis,3,500,1,1,40,0,1923,100200"
"Indianapolis,3,1765,2,1,55,1,2654,223500"
"Boston,1,1546,2,1,19,1,5291,957200"
"Chicago,2,2409,4,2,1,2,7767,776600"
"Phoenix,3,2129,3,2,48,0,4382,462000"
"Seattle,2,1510,2,1,79,2,5083,574300"
"New York,1,2283,3,2,68,3,6414,1569900"
"San Francisco,1,2370,5,3,0,1,3981,1998300"
"Phoenix,3,1400,1,1,47,1,2800,269800"
"Austin,2,1580,3,2,42,1,3349,556800"
"Indianapolis,3,500,1,1,33,1,1052,130200"
"Austin,2,1191,1,1,53,2,3918,493700"
"Indianapolis,3,1417,2,2,34,1,4320,229400"
"Seattle,2,1948,3,2,73,0,6809,642100"
"Phoenix,3,1286,2,2,72,2,3382,312700"
"San Francisco,1,1566,3,2,51,1,3416,1461900"
"Denver,2,1104,2,1,36,1,1534,387500"
"Phoenix,3,2011,4,2,47,3,6886,529000"
"Indianapolis,3,2177,4,2,72,0,3068,289900"
"Phoenix,3,2162,3,2,24,0,4419,389700"
"San Francisco,1,1908,3,2,69,1,5863,1203700"
"Seattle,2,898,2,1,47,1,2999,348500"
"San Francisco,1,1497,2,2,5,1,2084,1249900"
"San Francisco,1,1635,1,1,59,2,4744,1156600"
"Chicago,2,1638,1,1,16,1,2595,415200"
"Chicago,2,1949,3,2,41,1,6471,523400"
"Phoenix,3,2827,5,3,76,0,9170,583500"
"Columbus,3,2428,3,1,62,1,7999,342500"
"Chicago,2,1258,3,2,55,3,1734,333200"
"Phoenix,3,2341,4,2,5,2,6476,488600"
"San Francisco,1,2316,5,3,68,2,4341,1942300"
"New York,1,1376,2,1,26,1,3561,955500"
"Chicago,2,2452,3,2,4,1,9735,720700"
"Columbus,3,1796,3,2,76,2,2610,321800"
"San Francisco,1,984,2,2,15,2,2818,1231900"
"Austin,2,2196,3,2,25,2,3650,804100"
"Chicago,2,2041,2,1,11,1,5364,594600"
"San Francisco,1,1752,3,2,49,0,4658,1151300"
"Seattle,2,1876,2,1,69,0,4648,731600"
"Columbus,3,1433,3,2,41,0,4286,258600"
"Chicago,2,2297,3,2,69,1,9022,642200"
"New York,1,1872,4,3,74,0,6467,1163500"
"Columbus,3,2008,2,1,69,1,7799,311400"
"Seattle,2,2132,3,2,13,1,3689,972500"
"Columbus,3,1150,3,2,16,1,4578,315200"
"Boston,1,1319,1,1,23,1,2710,778200"
"Denver,2,500,1,1,51,1,648,218800"
"Seattle,2,2267,3,1,68,1,5489,935300"
"Boston,1,1112,1,1,25,3,2101,563500"
"Columbus,3,1986,3,1,53,1,6621,345400"
"New York,1,2141,2,1,14,2,3090,1289600"
"San Francisco,1,2292,3,2,43,1,6267,1698900"
"Seattle,2,1117,2,1,62,2,2246,567600"
"Chicago,2,1858,3,2,31,1,3305,537400"
"Phoenix,3,2986,4,2,13,2,10904,644900"
"Indianapolis,3,3014,5,3,32,2,7967,469400"
"Boston,1,2542,4,3,60,1,5367,1133600"
"Seattle,2,2119,3,1,74,2,6970,612400"
"New York,1,1247,1,1,49,2,4475,725700"
"Denver,2,2367,3,2,53,2,5770,762100"
"Indianapolis,3,1797,3,2,33,0,3073,239800"
"Chicago,2,2264,4,2,74,0,9020,558900"
"Denver,2,1489,3,2,69,2,3283,393300"
"Seattle,2,1788,3,2,77,2,3174,637900"
"Columbus,3,2007,2,1,69,3,2989,295200"
"Austin,2,2060,4,3,43,1,3186,772500"
"New York,1,2221,3,2,76,2,8530,1619900"
"Seattle,2,1524,2,1,48,2,5868,595700"
"San Francisco,1,1027,1,1,48,2,2693,862400"
"New York,1,2956,4,2,52,2,9276,1578900"
"San Francisco,1,3518,6,3,14,0,12423,2744800"
"Austin,2,2191,3,2,67,2,6049,782500"
"Chicago,2,1039,2,1,29,2,3187,329900"
"Seattle,2,1397,1,1,52,1,5459,670300"
"Austin,2,2231,3,2,67,1,3755,754000"
"Indianapolis,3,2772,4,2,9,2,4404,427400"
"Phoenix,3,1112,3,1,24,0,3679,261400"
"Denver,2,1819,2,1,75,1,5765,482300"
"Boston,1,2027,4,2,28,2,3488,813900"
"Columbus,3,24620,5,3,52,3,5039,348200"
"New York,1,1677,2,1,44,2,5230,1259300"
"Seattle,2,884,1,1,69,1,2284,422300"
"Columbus,3,2304,4,2,40,0,8529,334800"
"Austin,2,2631,3,2,33,1,9324,885200"
"Phoenix,3,1846,3,3,1,1,4733,354200"
"Denver,2,2163,4,2,37,2,6634,616400"
"Chicago,2,1592,3,2,46,1,4779,456200"
"Boston,1,1350,2,2,55,0,1968,582200"
"Boston,1,2567,4,3,62,2,6139,902700"
"Seattle,2,2152,4,2,62,0,5233,1019300"
"New York,1,2219,4,3,36,0,8238,1501700"
"Columbus,3,2876,4,2,6,1,10580,434000"
"Boston,1,1214,3,2,20,0,1653,648900"
"Denver,2,1541,3,2,32,1,5496,524500"
"Phoenix,3,2003,4,2,78,3,5834,415000"
"Phoenix,3,1533,2,1,61,2,1909,278500"
"Austin,2,2409,3,2,71,2,5465,777000"
"Austin,2,1778,3,1,79,2,6555,631300"
"Indianapolis,3,1255,2,1,10,0,2765,184400"
"Chicago,2,1943,2,1,0,2,6012,519200"
"Phoenix,3,2011,3,2,45,1,5598,448100"
"Columbus,3,2508,5,3,21,0,7152,407000"
"Phoenix,3,2156,4,2,69,1,5490,405000"
"New York,1,2200,3,2,37,1,5611,1369300"
"Denver,2,2108,3,2,0,0,7857,679700"
"San Francisco,1,1778,3,2,17,1,4194,1358300"
"Chicago,2,1434,2,1,27,1,2489,339200"
"Indianapolis,3,2088,4,2,2,1,4960,367400"
"Austin,2,1683,3,2,25,0,5473,682400"
"Austin,2,2998,5,3,43,1,7587,959000"
"San Francisco,1,2772,3,2,71,1,9009,2251700"
"Indianapolis,3,2311,4,3,51,1,4325,313200"
"San Francisco,1,2146,3,2,7,1,6077,1613100"
"San Francisco,1,1843,3,1,33,1,6672,1526600"
"Boston,1,1080,2,1,61,2,2897,551900"
"San Francisco,1,1759,3,2,29,2,5247,1413700"
"Austin,2,1966,4,2,45,0,6096,717800"
"Austin,2,2049,3,2,78,1,6702,544100"
"Boston,1,2205,3,2,11,2,4809,1043900"
"San Francisco,1,2499,4,2,38,1,7385,2137700"
"New York,1,1450,1,1,48,1,3430,1051600"
"Seattle,2,1456,3,2,63,1,3341,661400"
"San Francisco,1,2843,4,3,66,2,7194,2372200"
"Chicago,2,2401,4,2,22,1,5623,618000"
"New York,1,1646,3,2,37,3,2094,907000"
"Boston,1,1830,2,1,66,2,5998,801400"
"Seattle,2,1833,2,1,67,1,5199,760200"
"Seattle,2,1921,4,3,65,1,3045,849300"
"San Francisco,1,2207,4,3,53,1,4263,1573100"
"New York,1,3548,5,3,21,0,10328,2042300"
"Columbus,3,2023,3,1,29,1,5362,303600"
"San Francisco,1,2331,4,3,52,1,7519,1681800"
"Austin,2,804,2,1,20,2,2066,276200"
"Austin,2,1585,1,1,54,2,5650,494000"
"Seattle,2,2699,5,3,41,3,3824,1116900"
"Austin,2,2162,4,2,35,1,6306,732700"
"Phoenix,3,500,1,1,28,2,1120,157400"
"Columbus,3,2338,3,2,61,2,4814,329000"
"Boston,1,3147,6,4,37,2,12091,1422600"
"Seattle,2,603,1,1,24,2,2182,326100"
"Boston,1,2888,3,1,30,1,4951,1387900"
"Austin,2,500,1,1,38,2,680,233300"
"Chicago,2,2510,6,4,49,1,9107,963900"
"New York,1,1894,3,2,79,2,3171,1137200"
"Seattle,2,500,1,1,27,1,1900,311900"
"Indianapolis,3,2190,3,1,14,1,4329,317600"
"San Francisco,1,2648,5,3,78,1,6230,1868300"
"Austin,2,2137,4,3,11,1,2834,901200"
"Chicago,2,2280,4,2,72,1,6168,630800"
"New York,1,1632,3,2,11,2,2821,930900"
"San Francisco,1,690,2,1,29,0,1661,548600"
"New York,1,2350,3,1,79,0,8870,1419600"
"Columbus,3,3037,5,3,13,1,5792,473800"
"San Francisco,1,2634,4,2,12,1,7843,1693800"
"New York,1,608,2,2,48,1,1073,495700"
"San Francisco,1,915,2,1,15,2,2660,657700"
"New York,1,1350,2,2,1,3,2713,1061200"
"Chicago,2,865,1,1,55,1,2689,265600"
"Boston,1,1929,2,1,76,1,6477,926100"
"Denver,2,2156,2,1,60,2,7904,630300"
"Denver,2,970,2,1,77,1,3659,349600"
"Columbus,3,2405,3,2,42,2,4511,398400"
"San Francisco,1,2291,3,2,49,1,3577,1869300"
"Columbus,3,1544,3,2,78,2,2063,216700"
"Denver,2,1788,4,2,40,0,5752,683600"
"New York,1,633,1,1,3,3,1091,593600"
"Phoenix,3,1684,4,2,19,3,5794,489900"
"Columbus,3,1905,3,2,49,0,7432,370400"
"Boston,1,2010,3,2,68,1,3245,911100"
"Columbus,3,2146,3,2,48,1,4278,355800"
"Austin,2,2059,2,1,32,1,5492,664900"
"Denver,2,1728,3,2,25,3,4157,536800"
"Indianapolis,3,2086,1,1,54,1,4991,293900"
"Seattle,2,2551,4,3,71,1,4612,1048900"
"Phoenix,3,1838,3,2,22,0,6782,326400"
"Boston,1,2106,3,2,44,1,6546,980700"
"Phoenix,3,1779,2,2,34,2,2901,410200"
"Denver,2,1480,4,3,19,2,1794,636000"
"New York,1,2240,4,3,32,2,7472,1689300"
"Seattle,2,1539,2,1,7,0,1915,546700"
"Boston,1,2151,3,1,42,2,7884,889500"
"San Francisco,1,1918,2,1,8,1,5145,1464600"
"San Francisco,1,1702,3,2,37,1,6475,1605500"
"Seattle,2,1687,2,1,71,1,5670,608000"
"San Francisco,1,1570,1,1,11,3,5816,1489600"
"New York,1,830,1,1,20,2,2725,618200"
"Chicago,2,2149,4,3,57,2,6048,614500"
"Chicago,2,2051,4,2,72,1,3455,444300"
"Chicago,2,2452,4,2,76,0,7938,580300"
"Boston,1,1555,2,1,9,1,4445,687600"
"Columbus,3,3132,6,3,19,2,7746,625700"
"Denver,2,1653,3,1,78,2,4569,442700"
"New York,1,1331,3,3,40,2,2463,789600"
"New York,1,1254,2,1,66,1,2925,648400"
"Chicago,2,773,2,1,1,1,1196,290000"
"New York,1,2896,3,2,9,0,6798,1786500"
"Austin,2,2791,4,3,16,2,6998,1036900"
"Indianapolis,3,2290,3,1,6,3,8248,367700"
"San Francisco,1,1318,2,2,71,1,3527,1138600"
"San Francisco,1,3077,6,3,64,2,11523,2241000"
"Indianapolis,3,1671,2,1,31,2,6534,306300"
"Denver,2,1725,3,2,6,1,2307,520200"
"New York,1,2834,5,4,8,1,8139,1604900"
"Columbus,3,2328,4,2,20,1,4744,356700"
"Columbus,3,3331,6,3,58,3,11937,472200"
"Denver,2,2062,4,2,64,0,5327,516800"
"Chicago,2,1642,3,2,43,1,2329,462600"
"Boston,1,1502,3,2,72,1,2707,658300"
"San Francisco,1,699,2,1,74,2,2158,578200"
"Denver,2,1719,2,1,61,1,2446,518800"
"Boston,1,2644,3,1,6,3,5979,1008400"
"Chicago,2,2289,3,2,71,1,8333,610700"
"Phoenix,3,1913,4,3,72,3,2452,325800"
"San Francisco,1,1253,3,2,44,1,3946,966300"
"Denver,2,2047,3,2,47,1,6328,490900"
"New York,1,2558,2,1,62,2,5367,1697900"
"Columbus,3,2180,3,2,47,1,3304,270700"
"Boston,1,2008,3,2,27,0,2985,803800"
"Denver,2,1382,2,1,55,2,5409,386300"
"Denver,2,2464,4,2,62,1,7627,720600"
"Seattle,2,500,1,1,11,1,1126,309900"
"Chicago,2,2149,4,3,54,2,7594,648700"
"Chicago,2,3571,6,5,13,2,5318,940600"
"Denver,2,920,2,1,45,1,1431,349100"
"Phoenix,3,1743,3,2,8,1,3056,412200"
"Indianapolis,3,1895,3,2,79,1,6325,230000"
"Seattle,2,1599,3,2,53,1,3750,614100"
"Austin,2,2574,3,2,37,1,7720,999200"
"San Francisco,1,2207,4,3,40,0,4085,1938600"
"Phoenix,3,1999,4,3,49,2,6749,476200"
"Austin,2,2418,5,3,9,1,8329,985100"
"Seattle,2,1911,3,1,40,1,4504,824400"
"San Francisco,1,3967,5,3,57,2,7085,2993900"
"Columbus,3,1998,3,2,20,2,5922,366400"
"Seattle,2,2027,3,1,38,2,3886,998300"
"Chicago,2,788,1,1,26,1,1273,242300"
"New York,1,1547,2,1,12,2,4524,1145200"
"Indianapolis,3,2646,3,2,78,3,6975,280500"
"New York,1,1032,1,1,47,1,3502,592400"
"New York,1,500,1,1,31,0,1009,503700"
"Columbus,3,1921,1,1,27,1,3517,330200"
"Columbus,3,2791,4,2,54,2,8355,429700"
"New York,1,1928,5,3,8,1,6098,1429600"
"Austin,2,1682,4,3,45,1,3965,502300"
"Chicago,2,692,1,1,18,1,1688,237400"
"Columbus,3,2194,3,2,71,3,3392,274600"
"Seattle,2,2330,3,2,62,1,5858,877600"
"Austin,2,742,1,1,60,1,2888,291500"
"Phoenix,3,2637,3,2,11,3,4004,572200"
"Chicago,2,2398,4,2,6,1,6691,801600"
"Phoenix,3,2636,4,2,36,1,3299,520500"
"Denver,2,2279,4,3,28,0,4811,505000"
"San Francisco,1,2325,4,3,57,1,7745,2204600"
"Columbus,3,2238,3,2,56,0,6240,309700"
"Columbus,3,2465,4,3,31,1,3518,412600"
"Phoenix,3,718,1,1,12,1,1770,210900"
"San Francisco,1,924,1,1,25,2,1313,824800"
"New York,1,1422,1,1,40,1,3194,947100"
"Phoenix,3,1816,3,2,20,1,6089,411600"
"San Francisco,1,2152,3,2,25,2,4139,1417700"
"Indianapolis,3,2111,2,1,19,3,5213,430900"
"Seattle,2,2626,4,2,5,1,6830,1205300"
"Chicago,2,2647,3,2,48,0,9501,673700"
"Columbus,3,1333,3,1,79,0,2053,230000"
"Seattle,2,2055,3,2,76,2,5633,703400"
"Boston,1,1349,3,1,74,2,1735,668800"
"Denver,2,1778,3,2,52,1,2598,502600"
"Denver,2,2109,3,2,59,0,3834,635000"
"Seattle,2,500,1,1,5,1,1608,346400"
"Denver,2,3467,6,4,16,2,4559,769500"
"Indianapolis,3,2268,4,2,56,1,8723,277200"
"Austin,2,1513,3,3,79,0,3627,576800"
"New York,1,3153,4,3,72,1,11188,1936200"
"Seattle,2,1674,3,1,50,2,3049,852300"
"Seattle,2,1986,3,2,8,3,4262,1036700"
"New York,1,1583,3,2,77,1,5122,994900"
"New York,1,2974,5,3,25,3,6726,1921400"
"Chicago,2,1832,3,1,3,1,4802,637000"
"Seattle,2,1997,3,2,61,2,6921,1030600"
"Indianapolis,3,2682,5,2,13,2,8108,410700"
"Boston,1,2280,4,1,24,1,8072,1301500"
"San Francisco,1,1865,4,2,54,0,2690,1569500"
"Phoenix,3,2622,4,2,77,1,7611,549000"
"Columbus,3,3550,6,3,72,2,10236,549200"
"Boston,1,2106,4,1,13,1,6107,951400"
"New York,1,1976,3,1,14,1,5629,1183800"
"New York,1,2011,2,1,64,1,6489,1066600"
"Austin,2,2752,5,3,25,1,9806,1177600"
"Austin,2,1511,2,1,6,1,2785,556200"
"Boston,1,1719,2,2,47,2,2566,695000"
"San Francisco,1,901,2,1,52,1,1268,809600"
"Austin,2,1130,3,2,79,1,1857,347700"
"Indianapolis,3,1563,1,1,38,1,4746,216300"
"Chicago,2,1864,4,2,63,3,4411,624000"
"Austin,2,3050,3,2,42,1,6645,801900"
"New York,1,2248,3,2,73,1,8425,1472000"
"Boston,1,1307,3,2,38,1,4863,635500"
"Boston,1,1427,2,1,54,0,3866,592200"
"Phoenix,3,2794,4,3,77,0,6940,415400"
"Columbus,3,2632,5,2,70,0,5151,386700"
"Columbus,3,1918,2,1,32,0,4771,275300"
"Indianapolis,3,1612,3,2,40,2,3789,279800"
"Indianapolis,3,2631,4,3,47,1,3208,361700"
"Indianapolis,3,1254,3,2,9,1,4168,238600"
"San Francisco,1,2155,2,2,18,2,5232,1522900"
"New York,1,3377,5,3,56,0,6160,2459500"
"Boston,1,2033,2,1,5,1,6232,1087300"
"Denver,2,1396,1,1,48,3,3425,410700"
"San Francisco,1,2167,4,2,38,1,4504,1395400"
"Columbus,3,1594,2,1,38,2,2943,208900"
"Denver,2,994,1,1,67,1,1357,330000"
"Denver,2,2356,3,2,21,3,6146,847400"
"New York,1,2627,4,3,63,0,5914,1862200"
"Boston,1,1698,2,1,62,0,2229,714800"
"New York,1,1655,2,2,79,2,5751,1168900"
"Columbus,3,1275,2,1,65,0,4416,224700"
"Denver,2,1803,3,1,40,1,4637,556500"
"Chicago,2,1534,2,1,29,0,5444,407800"
"Boston,1,1243,2,1,62,1,3166,507000"
"Seattle,2,3130,5,3,74,2,5236,1259000"
"Seattle,2,2203,3,2,22,1,5836,995400"
"Phoenix,3,2272,3,3,29,1,4715,445600"
"Phoenix,3,2474,5,2,39,1,6102,481000"
"New York,1,2401,5,3,8,1,9407,1667100"
"Indianapolis,3,1631,2,1,25,2,3581,285500"
"New York,1,2077,3,1,13,0,3748,1150300"
"Columbus,3,1725,2,1,61,1,2691,220900"
"San Francisco,1,2185,4,2,39,1,8030,1493200"
"Boston,1,2122,3,1,48,1,2635,921500"
"Columbus,3,1651,3,2,6,1,6176,344200"
"New York,1,1036,3,1,45,2,1422,648200"
"Seattle,2,1995,3,2,57,1,6598,902800"
"Austin,2,1767,3,2,55,0,3573,670200"
"Boston,1,671,1,1,63,3,1275,371600"
"Chicago,2,2230,3,2,9,0,3800,680900"
"Columbus,3,2527,5,3,43,2,3984,370500"
"Columbus,3,3543,5,3,38,0,4909,471600"
"Seattle,2,1646,3,2,71,1,2690,685000"
"Denver,2,1550,2,1,55,1,4414,467400"
"Boston,1,1179,1,1,76,0,3295,448300"
"Boston,1,2036,2,1,2,2,4046,1170400"
"New York,1,2032,2,1,35,1,6307,1383000"
"Indianapolis,3,1373,2,1,56,1,4606,221800"
"Columbus,3,1786,1,1,7,2,7045,308100"
"Phoenix,3,614,1,1,52,1,1493,178500"
"Austin,2,2502,3,2,18,1,5627,823800"
"Austin,2,1399,3,2,5,1,5491,641200"
"Austin,2,1877,3,2,52,0,7204,585100"
"Denver,2,973,1,1,34,3,3693,375200"
"Austin,2,1521,2,1,32,1,4418,568000"
"New York,1,1718,2,2,26,2,5033,1492700"
"New York,1,1893,4,3,54,1,7190,1229400"
"Indianapolis,3,2212,3,3,49,1,5626,332300"
"Austin,2,2835,4,3,53,0,5097,947700"
"Indianapolis,3,2376,3,1,63,1,9406,271900"
"New York,1,2525,3,1,48,1,8983,1198500"
"Denver,2,2840,5,2,5,1,3854,777700"
"New York,1,2270,4,3,12,0,3439,1717300"
"Boston,1,1876,4,3,79,1,6885,1054700"
"San Francisco,1,2556,5,3,22,1,5222,1780900"
"New York,1,2597,6,3,34,1,8180,1508400"
"Columbus,3,2322,4,2,30,2,3552,458200"
"Seattle,2,954,1,1,79,1,1600,334300"
"Denver,2,1353,1,1,65,0,4455,372200"
"Austin,2,1721,3,2,38,2,6784,737300"
"Seattle,2,2407,4,3,54,1,6273,1130400"
"Denver,2,1886,3,2,44,1,2490,638900"
"New York,1,2639,3,2,51,2,4898,1328700"
"Indianapolis,3,2755,4,3,76,0,4947,298300"
"Phoenix,3,2679,4,2,53,1,10230,599100"
"Phoenix,3,2684,4,3,9,1,6371,587900"
"Austin,2,1226,1,1,40,0,4724,386400"
"New York,1,2214,4,3,65,1,7986,1399700"
"Indianapolis,3,1505,4,3,3,1,3706,330500"
"Seattle,2,828,1,1,28,0,1051,453500"
"San Francisco,1,1713,3,1,16,1,6722,1408700"
"Seattle,2,2761,2,2,57,1,3391,943700"
"Phoenix,3,2199,4,2,11,1,7910,474700"
"Chicago,2,3212,4,3,49,0,7571,916500"
"Phoenix,3,2015,3,2,5,1,4118,513300"
"Phoenix,3,3491,4,2,73,1,8180,628100"
"New York,1,2015,3,2,25,1,4432,1275500"
"Indianapolis,3,1915,4,3,32,2,5993,366200"
"Austin,2,1068,1,1,63,3,2994,444500"
"Chicago,2,2622,4,2,30,0,5032,551100"
"San Francisco,1,1574,2,1,9,1,4214,1255600"
"Indianapolis,3,1479,3,2,72,2,3452,247700"
"Boston,1,2733,5,4,8,2,10325,1406700"
"San Francisco,1,2653,3,1,39,3,9813,1918100"
"Austin,2,2636,4,4,9,2,7720,972600"
"New York,1,1665,4,2,55,2,6499,1209100"
"New York,1,1867,3,2,21,0,4201,1098900"
"Chicago,2,1861,2,1,74,1,2692,431000"
"Seattle,2,2409,4,2,16,1,3212,1043700"
"Indianapolis,3,2910,4,2,53,1,10283,385300"
"Boston,1,2139,3,1,1,2,4864,959800"
"Chicago,2,3184,4,2,9,3,11490,818100"
"Austin,2,2483,3,2,22,1,6169,735700"
"Chicago,2,1747,4,2,70,1,2151,479200"
"Denver,2,2439,3,2,79,2,6537,613900"
"Austin,2,3009,5,3,49,2,8620,1014700"
"Indianapolis,3,3199,5,3,26,2,7883,452700"
"Seattle,2,2671,6,4,24,2,9473,1088700"
"New York,1,1917,3,1,16,3,5757,1573700"
"Chicago,2,1759,3,1,27,1,3907,473900"
"Columbus,3,2274,3,2,39,0,7307,340300"
"San Francisco,1,2988,4,2,54,0,6260,1968300"
"Austin,2,2182,3,2,18,1,7742,803200"
"Columbus,3,2195,3,2,2,2,4356,436000"
"Phoenix,3,1933,3,2,44,1,5928,459400"
"Indianapolis,3,1687,3,2,19,2,3985,282800"
"Denver,2,1795,2,1,32,1,2663,532600"
"Chicago,2,1988,3,2,56,2,5891,533100"
"Boston,1,3017,5,3,71,1,6856,1358300"
"Indianapolis,3,1744,2,1,42,1,5190,233500"
"Seattle,2,1934,4,3,74,1,5244,919800"
"Chicago,2,1338,2,1,21,1,1761,384500"
"Seattle,2,2366,4,3,57,1,4197,1003800"
"Denver,2,2788,3,2,78,2,8813,836800"
"Chicago,2,2956,4,3,17,1,7418,825400"
"Austin,2,2032,3,2,59,3,5092,594900"
"Columbus,3,2273,5,3,37,3,2743,393600"
"Seattle,2,1800,3,2,70,1,3686,898500"
"Chicago,2,2243,4,2,24,0,6896,728100"
"Seattle,2,2104,2,1,76,0,7750,804000"
"Seattle,2,1938,3,2,63,1,5440,742000"
"Austin,2,1990,4,2,56,1,5400,484400"
"New York,1,2194,3,2,2,2,5522,1444500"
"San Francisco,1,1709,3,2,6,3,5297,1456900"
"Chicago,2,1742,3,2,52,1,5983,454200"
"Chicago,2,3010,5,2,38,2,5472,741800"
"Chicago,2,3662,5,3,25,2,11715,1034100"
"San Francisco,1,1117,1,1,67,1,2103,724300"
"Seattle,2,1081,3,2,38,2,1393,531800"
"New York,1,1278,2,1,36,3,1801,889600"
"Phoenix,3,1833,3,1,25,3,2438,349700"
"Columbus,3,2482,4,3,78,2,4925,450900"
"Boston,1,2284,4,2,29,1,3554,1165600"
"Chicago,2,2012,3,1,20,1,2894,483700"
"New York,1,2244,4,3,53,3,3620,1579800"
"Boston,1,1450,3,2,2,1,1895,645700"
"New York,1,1741,2,1,47,1,3764,1033400"
"Boston,1,1887,2,1,45,1,6612,1017300"
"Chicago,2,870,1,1,19,1,2393,300900"
"Columbus,3,1145,1,1,61,0,1582,174400"
"New York,1,1171,2,2,3,2,2634,1035500"
"Denver,2,2397,3,2,78,1,5761,721000"
"Chicago,2,2059,4,3,68,1,3465,503500"
"Indianapolis,3,2297,5,3,14,1,5155,416500"
"Denver,2,704,1,1,39,1,1509,208100"
"Boston,1,936,3,2,15,2,2417,529300"
"Chicago,2,2331,3,2,49,3,7348,613200"
"Seattle,2,500,1,1,28,2,1270,321600"
"Indianapolis,3,2696,3,2,39,1,3793,350900"
"Seattle,2,715,2,1,76,2,969,238000"
"Chicago,2,2448,4,1,49,1,9024,485300"
"San Francisco,1,1322,2,1,69,2,4158,999300"
"Seattle,2,2582,3,2,50,2,7850,980600"
"Columbus,3,3985,6,4,37,1,14971,580300"
"Denver,2,500,1,1,1,1,1358,229800"
"Austin,2,2352,3,2,7,2,3308,823600"
"Indianapolis,3,725,2,1,42,1,2320,163400"
"Columbus,3,2177,4,2,40,2,3602,366700"
"Seattle,2,1766,2,1,40,1,5413,845100"
"Denver,2,1984,4,2,67,1,4607,563400"
"Austin,2,1307,2,1,7,2,1672,530700"
"Chicago,2,2407,4,3,52,0,3263,695700"
"Seattle,2,959,2,1,59,1,2205,400600"
"Boston,1,2707,4,2,51,1,7755,1231800"
"Columbus,3,1634,1,1,18,0,2743,259900"
"Indianapolis,3,988,1,1,32,1,1481,179000"
"Columbus,3,2937,4,3,4,2,6618,562000"
"Indianapolis,3,1856,4,2,14,0,6406,326900"
"Phoenix,3,3140,6,3,64,2,10661,602000"
"Phoenix,3,2694,5,3,49,0,8393,438400"
"Phoenix,3,1381,2,1,69,0,3302,249400"
"Austin,2,1845,2,2,55,1,4497,584400"
"Austin,2,1979,3,1,19,3,3627,715000"
"Boston,1,2892,6,4,65,1,4581,1322300"
"Chicago,2,2184,3,1,55,1,2718,621700"
"Boston,1,2015,1,1,15,1,7271,891000"
"Boston,1,1770,3,2,0,1,4583,748400"
"Denver,2,1867,4,2,61,2,2256,487000"
"Seattle,2,2748,5,3,57,1,7369,1021100"
"New York,1,1902,4,3,7,1,3658,1541600"
"Phoenix,3,1643,3,2,37,1,3938,298200"
"Columbus,3,1533,2,2,73,2,4726,213000"
"New York,1,1540,1,1,63,2,5340,1046200"
"San Francisco,1,989,2,1,65,1,3127,850000"
"Seattle,2,1412,3,2,31,2,5238,542200"
"Phoenix,3,2874,4,2,9,1,5338,454800"
"Phoenix,3,1766,3,2,28,1,5390,352000"
"New York,1,2358,3,2,54,2,8705,1673200"
"Phoenix,3,500,1,1,67,1,1032,115200"
"New York,1,2269,5,3,51,3,7802,1422700"
"Seattle,2,1795,4,2,3,1,6880,924300"
"Indianapolis,3,1587,2,1,47,2,4766,245400"
"New York,1,2018,3,1,14,1,3350,1337000"
"New York,1,1578,2,2,48,2,3046,854700"
"Austin,2,519,1,1,32,0,1611,210600"
"Denver,2,2499,5,3,42,2,9060,1001500"
"Indianapolis,3,2058,2,1,47,0,2606,255600"
"Indianapolis,3,1696,3,2,51,0,3585,217300"
"San Francisco,1,1272,2,1,0,2,2358,1060800"
"New York,1,945,2,1,77,1,2251,613800"
"Phoenix,3,2046,4,3,46,2,6858,491100"
"Boston,1,2949,6,4,40,1,7691,1500200"
"Columbus,3,2032,3,2,30,3,5387,333700"
"Chicago,2,1001,2,1,8,2,2908,403000"
"New York,1,2046,3,1,50,1,5409,1444500"
"Phoenix,3,1865,2,2,29,2,5832,383600"
"New York,1,2462,4,2,72,1,3692,1492700"
"Austin,2,2294,4,2,52,2,2899,790500"
"Denver,2,500,1,1,35,2,1758,259700"
"Austin,2,2254,3,1,2,2,5727,650400"
"Chicago,2,1248,2,1,44,2,2541,354000"
"Chicago,2,976,1,1,67,2,2413,257900"
"Indianapolis,3,1777,2,1,37,1,5367,247800"
"Indianapolis,3,2167,4,2,52,3,3339,295500"
"Austin,2,834,2,1,9,0,2224,406500"
"San Francisco,1,2358,4,2,32,1,3561,1909500"
"Chicago,2,2396,3,2,63,2,8642,769700"
"Indianapolis,3,1931,3,2,33,1,5358,279700"
"Boston,1,1336,3,2,70,1,4636,647800"
"Austin,2,1263,2,2,32,2,4065,506300"
"Austin,2,2567,4,2,64,1,8940,912100"
"San Francisco,1,918,1,1,51,1,1980,847700"
"Chicago,2,2592,5,3,75,1,4123,636700"
"Seattle,2,1793,4,3,42,1,6628,694300"
"Phoenix,3,1838,4,3,37,1,6758,379400"
"Phoenix,3,790,1,1,28,0,2902,203000"
"Phoenix,3,1805,2,1,52,2,7166,417700"
"Seattle,2,2299,5,3,78,1,6596,758300"
"Seattle,2,1031,2,1,13,2,2717,449400"
"Phoenix,3,2224,3,2,74,3,7634,473500"
"Phoenix,3,1958,4,3,78,1,2953,310400"
"Austin,2,1482,2,2,61,3,5028,450600"
"Columbus,3,2456,5,4,46,1,8533,487900"
"New York,1,500,2,1,69,2,1408,373300"
"Columbus,3,2125,3,2,20,3,4858,367300"
"San Francisco,1,2953,5,3,50,2,8970,2627300"
"New York,1,2836,5,3,64,1,10669,1611600"
"Denver,2,2153,5,4,64,1,3536,563000"
"San Francisco,1,1704,2,1,46,1,3529,1534900"
"San Francisco,1,1487,3,2,30,3,4580,1298900"
"San Francisco,1,1703,3,1,75,1,6017,1363500"
"Austin,2,2253,3,2,53,1,6817,705800"
"Phoenix,3,1375,2,1,61,1,3925,266600"
"San Francisco,1,2392,4,3,49,1,3445,1647200"
"Chicago,2,3287,4,2,70,1,7936,806500"
"Phoenix,3,1860,3,2,38,1,6868,439400"
"New York,1,1026,2,1,43,1,2270,738300"
"New York,1,1026,2,1,64,1,2326,764200"
"Columbus,3,2405,3,2,41,1,5294,411000"
"Phoenix,3,1861,3,2,19,1,4123,354400"
"Denver,2,2470,4,2,60,1,5763,710600"
"Phoenix,3,1553,3,1,30,2,5226,332900"
"San Francisco,1,2440,5,3,8,1,6037,2146600"
"Seattle,2,1797,3,1,29,1,5211,809500"
"Chicago,2,1424,1,1,4,1,3473,430900"
"Boston,1,1639,2,1,70,0,5977,809300"
"Phoenix,3,1122,2,2,78,2,1908,173000"
"Austin,2,3193,6,4,21,2,4930,999700"
"Phoenix,3,1837,4,2,73,1,4302,329900"
"Austin,2,2319,5,3,56,1,9109,820100"
"Seattle,2,1551,2,1,76,1,4900,636400"
"New York,1,1216,2,1,13,2,3557,918200"
"New York,1,1748,2,1,4,1,4008,1027100"
"Phoenix,3,2616,4,2,73,3,5301,510700"
"New York,1,1562,2,1,21,0,6058,1103800"
"San Francisco,1,1334,2,2,47,3,3195,901500"
"New York,1,2001,5,3,72,0,6385,1263000"
"New York,1,2224,4,2,27,1,7716,1589800"
"Phoenix,3,2968,4,2,7,1,9026,735100"
"Seattle,2,2130,4,2,63,1,3943,728400"
"Indianapolis,3,2319,3,2,36,3,4653,380000"
"New York,1,2368,3,2,1,1,2994,1386300"
"Chicago,2,1151,3,2,27,0,4505,311600"
"Austin,2,1274,3,1,42,3,4506,415200"
"Seattle,2,1195,2,1,70,1,2786,507000"
"Columbus,3,1034,1,1,18,0,3825,211400"
"Indianapolis,3,2417,4,3,41,0,3940,331100"
"Columbus,3,2089,4,3,14,1,2753,394600"
"New York,1,1952,3,2,23,3,3082,1355500"
"New York,1,500,1,1,21,0,1837,449200"
"Chicago,2,3236,7,4,41,2,5337,815900"
"Boston,1,1319,2,1,53,1,1834,532200"
"Chicago,2,3234,5,2,8,1,5561,1007900"
"Denver,2,958,2,1,6,2,2263,457600"
"Denver,2,1372,2,1,58,2,3553,509100"
"Phoenix,3,500,1,1,23,1,930,149800"
"Chicago,2,2135,3,2,49,1,7379,516700"
"San Francisco,1,1184,1,1,6,0,4603,966600"
"San Francisco,1,1203,2,2,48,2,2423,1107500"
"Denver,2,1008,3,2,72,1,3838,336100"
"Austin,2,2405,3,2,35,1,8394,757000"
"Boston,1,2362,3,2,46,1,8694,1150800"
"Seattle,2,3078,6,4,23,2,4208,1168700"
"Phoenix,3,1454,2,1,22,0,5140,269800"
"Phoenix,3,2042,3,2,5,2,5800,471200"
"Denver,2,1062,1,1,38,2,1388,335000"
"Seattle,2,1682,3,2,75,1,5568,672700"
"Boston,1,1563,1,1,9,1,2933,524600"
"Austin,2,2202,3,2,33,1,7557,673300"
"Boston,1,2561,4,2,66,1,7562,1138700"
"Denver,2,2544,4,2,39,3,6560,651100"
"Chicago,2,1352,3,2,60,1,1711,294200"
"San Francisco,1,2549,5,3,30,0,9409,2020000"
"San Francisco,1,1871,4,3,48,1,3018,1580800"
"New York,1,1689,3,2,79,2,5951,982900"
"Columbus,3,1439,2,2,47,1,4500,245500"
"Chicago,2,1536,2,1,63,2,2142,370800"
"New York,1,3033,5,3,55,1,8244,1583800"
"Columbus,3,2100,4,2,7,0,8175,446800"
"Austin,2,2013,4,3,12,1,7617,743100"
"Austin,2,1730,3,2,48,2,2785,574400"
"Indianapolis,3,3490,5,3,27,2,5880,515600"
"San Francisco,1,2748,5,4,38,1,4480,1711300"
"New York,1,1431,3,2,38,1,4747,1128300"
"Denver,2,1722,3,2,63,3,2841,599400"
"New York,1,1761,3,2,79,2,2432,1122000"
"Chicago,2,1995,2,1,79,1,4574,484000"
"New York,1,1444,2,2,6,2,5642,1058500"
"San Francisco,1,2185,3,1,59,3,4508,1796000"
"New York,1,2844,5,3,58,1,9180,1666000"
"Austin,2,1046,2,1,69,1,1677,334900"
"New York,1,1167,1,1,34,1,3430,818800"
"New York,1,1586,2,1,40,1,4484,1054700"
"Columbus,3,1616,3,1,36,2,6030,333700"
"Seattle,2,3199,4,2,29,1,10257,1634800"
"Seattle,2,2551,4,3,19,1,3924,1049300"
"San Francisco,1,2514,4,3,51,1,5866,2008800"
"Seattle,2,1728,2,1,1,2,2076,691900"
"Boston,1,1714,3,2,59,0,3213,869900"
"Denver,2,956,2,2,67,1,3747,300900"
"New York,1,2408,3,2,18,0,5962,2195200"
"Columbus,3,2219,3,2,17,2,8053,322000"
"Indianapolis,3,2736,5,3,40,0,3465,479300"
"San Francisco,1,1763,2,1,67,0,6460,1444200"
"San Francisco,1,1808,2,1,9,2,6672,1288300"
"New York,1,2011,2,1,34,0,6093,1671600"
"Denver,2,2480,4,2,17,2,3783,694500"
"New York,1,944,1,1,68,1,3448,598600"
"Columbus,3,2378,3,1,70,2,8845,307700"
"Phoenix,3,1887,4,2,6,1,3327,418600"
"Phoenix,3,1212,1,1,11,0,4645,287100"
"Austin,2,545,1,1,12,1,1998,309200"
"Indianapolis,3,1811,4,3,64,3,3212,360600"
"San Francisco,1,2841,5,3,72,2,6542,1976500"
"Seattle,2,2989,4,2,29,1,6405,800100"
"Seattle,2,2131,3,2,12,1,5530,994700"
"Indianapolis,3,3175,5,3,53,1,11713,427500"
"Denver,2,1872,4,2,71,1,6829,698100"
"Phoenix,3,2520,4,3,72,1,4264,461100"
"New York,1,1607,2,1,35,2,4408,996700"
"Indianapolis,3,1566,1,1,62,0,4221,179400"
"Austin,2,1460,2,1,76,2,3593,492300"
"Austin,2,561,1,1,66,0,1796,188900"
"Indianapolis,3,2737,4,2,37,2,8235,475000"
"Seattle,2,1483,2,1,20,1,2922,632800"
"Seattle,2,1379,3,1,29,0,2999,701600"
"Denver,2,1133,1,1,28,2,4178,339700"
"New York,1,1767,3,2,79,1,3732,874100"
"Seattle,2,3046,4,3,58,2,7443,1322900"
"New York,1,3261,5,2,68,2,12797,1973700"
"San Francisco,1,820,1,1,62,3,2952,663800"
"Columbus,3,1670,2,1,38,2,5272,254800"
"Denver,2,1228,3,2,63,1,2519,340800"
"Seattle,2,2542,5,3,51,1,7526,1128500"
"Seattle,2,2086,3,2,59,2,6253,848100"
"Austin,2,1486,5,3,24,1,3496,511300"
"Chicago,2,1947,2,1,18,1,2533,561700"
"Indianapolis,3,1590,3,1,14,1,3540,303000"
"Indianapolis,3,2949,3,2,23,2,7735,424100"
"Seattle,2,2256,3,2,78,1,8709,989000"
"Seattle,2,2335,3,1,75,0,7558,770500"
"Austin,2,500,1,1,11,3,751,303200"
"Denver,2,1857,3,2,44,2,3796,598300"
"Austin,2,3254,5,3,75,1,8658,912000"
"Chicago,2,2762,5,3,60,0,6803,859600"
"Denver,2,699,1,1,48,2,849,260300"
"Seattle,2,1696,3,2,47,1,6476,679300"
"Seattle,2,1119,2,1,26,2,4175,543700"
"Seattle,2,3012,4,3,73,2,11405,1074600"
"San Francisco,1,2059,3,2,6,1,4942,1429500"
"New York,1,1401,2,1,69,1,4950,853000"
"Chicago,2,1922,3,2,69,0,6119,456000"
"Seattle,2,500,2,1,20,1,1316,283500"
"New York,1,1195,2,1,40,1,1692,937100"
"Denver,2,1924,3,1,70,1,3213,489300"
"Phoenix,3,2450,3,2,37,3,4574,435600"
"Boston,1,638,1,1,24,2,2366,348100"
"Phoenix,3,1652,2,2,5,1,5060,328200"
"Indianapolis,3,2556,4,2,35,1,10103,437000"
"Denver,2,957,1,1,22,1,2666,363600"
"Chicago,2,2049,4,2,68,1,2945,543900"
"San Francisco,1,1943,3,2,68,1,4931,1619400"
"Indianapolis,3,3014,4,2,25,0,4560,396200"
"Seattle,2,1750,3,3,16,1,6517,959700"
"Indianapolis,3,1788,1,1,23,0,3540,239300"
"Denver,2,2456,3,2,32,1,4304,642000"
"San Francisco,1,1038,1,1,53,2,2733,865100"
"San Francisco,1,1756,4,2,12,3,6075,1537900"
"Chicago,2,1604,2,1,79,2,4217,394800"
"Denver,2,1810,2,1,56,3,2366,602100"
"San Francisco,1,2451,4,2,10,1,8040,1980900"
"Phoenix,3,2260,3,1,25,1,2928,456300"
"Columbus,3,1413,2,1,56,2,4087,276200"
"Austin,2,1989,3,2,40,0,5823,686800"
"Austin,2,2869,4,3,42,0,5118,963600"
"San Francisco,1,1360,2,2,3,3,3333,1006800"
"Phoenix,3,1994,2,1,32,2,2427,566500"
"Seattle,2,1774,2,2,49,3,3538,601300"
"Columbus,3,1859,3,2,59,0,5455,275100"
"Seattle,2,840,2,2,35,2,1676,402700"
"Denver,2,2817,3,2,44,1,3756,1008400"
"Boston,1,1397,3,1,17,1,4314,679600"
"New York,1,2567,4,3,63,2,8416,1768200"
"Phoenix,3,1496,3,2,55,1,5410,298600"
"Austin,2,1493,3,2,59,2,5452,462500"
"Denver,2,2689,5,2,53,2,6964,868500"
"Indianapolis,3,2546,5,4,78,2,5959,330200"
"Indianapolis,3,2036,3,2,70,0,5783,279500"
"Columbus,3,2395,3,2,64,1,8190,399300"
"New York,1,1712,2,1,26,3,4333,1460300"
"Denver,2,1895,4,2,5,1,7554,572400"
"Columbus,3,1470,3,2,0,1,4388,302400"
"Seattle,2,2488,3,2,62,0,5132,931000"
"San Francisco,1,1449,2,1,71,0,4959,1060500"
"Phoenix,3,2865,4,2,51,3,4647,710900"
"Austin,2,1695,3,2,57,1,6475,568200"
"Denver,2,1913,2,1,7,2,4119,439800"
"Indianapolis,3,2393,2,1,45,1,7462,322700"
"Denver,2,1916,4,2,48,1,5654,598500"
"Austin,2,1706,3,2,12,1,2505,601400"
"Seattle,2,1880,3,2,60,2,6055,712000"
"Seattle,2,2481,4,3,26,1,5143,874200"
"New York,1,1469,3,2,15,1,3331,1347900"
"Phoenix,3,1818,2,1,55,1,2673,347200"
"Phoenix,3,1907,2,2,34,0,6614,384900"
"Boston,1,2462,4,2,42,1,8885,1457100"
"Boston,1,1835,1,1,43,1,2892,732100"
"Columbus,3,3075,5,3,49,0,10687,526800"
"San Francisco,1,1798,3,2,33,2,6678,1246000"
"Austin,2,1746,2,1,65,0,2571,565800"
"Austin,2,1789,2,2,70,2,7143,511400"
"Chicago,2,1044,1,1,38,2,1266,318700"
"New York,1,1226,1,1,13,2,4363,1133600"
"Chicago,2,1555,2,2,22,2,4297,468500"
"Seattle,2,2638,4,2,61,1,10236,780200"
"Denver,2,1878,2,1,20,1,4031,595900"
"San Francisco,1,1585,2,2,62,1,3503,1261400"
"Austin,2,2697,4,2,52,0,9583,962300"
"Austin,2,2908,4,3,35,2,9276,1154900"
"New York,1,2716,3,2,10,0,7826,2129200"
"New York,1,1345,3,2,43,1,4041,935900"
"New York,1,1578,2,1,55,1,4910,946800"
"Seattle,2,3079,5,3,12,2,4107,1101500"
"San Francisco,1,2057,3,2,65,1,3147,1406200"
"Indianapolis,3,1726,2,2,15,1,2947,294700"
"Seattle,2,2367,4,2,33,1,4012,808600"
"Phoenix,3,2555,4,3,42,3,9096,482400"
"Indianapolis,3,1529,3,2,59,2,3524,250400"
"San Francisco,1,2043,3,2,17,1,5251,1501600"
"Chicago,2,2502,4,3,26,2,3629,701200"
"Columbus,3,1146,1,1,64,0,4169,161100"
"Chicago,2,1908,3,2,26,1,2344,532800"
"Austin,2,1176,2,1,49,0,1685,352100"
"Austin,2,1261,3,2,31,1,4381,378300"
"San Francisco,1,1534,2,1,4,2,2402,1419500"
"Denver,2,2210,4,2,41,1,7561,641500"
"Indianapolis,3,1691,3,1,28,2,3688,262500"
"Indianapolis,3,1479,3,2,21,1,4989,241700"
"San Francisco,1,1934,3,2,68,1,2593,1502700"
"Chicago,2,1154,2,1,61,1,2487,313200"
"Boston,1,2179,2,1,22,2,5551,1099000"
"Columbus,3,2635,3,2,41,1,7778,391500"
"San Francisco,1,1849,1,1,57,1,6548,1364100"
"Indianapolis,3,1768,3,2,4,1,3332,315700"
"Phoenix,3,2143,4,3,7,1,6525,581400"
"New York,1,581,2,1,43,1,944,479100"
"San Francisco,1,2249,3,1,74,2,7706,1455000"
"Phoenix,3,3916,6,4,74,1,14932,771200"
"New York,1,1820,3,2,35,0,2425,1173000"
"Denver,2,1823,4,1,56,2,2595,417600"
"Columbus,3,2383,5,3,39,2,8114,329500"
"Denver,2,2969,5,3,72,2,10880,886900"
"Seattle,2,2534,4,2,45,1,7640,1031700"
"Austin,2,500,2,1,71,3,1246,202900"
"San Francisco,1,2266,3,2,29,1,7599,1960300"
"Indianapolis,3,3572,5,3,74,1,7284,407600"
"Boston,1,2305,3,2,58,1,9167,887300"
"New York,1,1150,1,1,61,1,4111,682200"
"Boston,1,2083,3,1,1,1,7674,972300"
"Indianapolis,3,1068,1,1,64,3,3838,169400"
"San Francisco,1,2701,5,3,12,1,10296,1969200"
"Columbus,3,1279,2,1,74,0,1766,133100"
"Chicago,2,1948,4,2,15,1,7294,398700"
"Phoenix,3,1342,1,1,66,1,2545,248900"
"Indianapolis,3,1545,4,2,50,2,3408,215900"
"Columbus,3,2866,3,2,31,3,6413,351700"
"Indianapolis,3,1967,2,1,71,2,3641,272700"
"New York,1,1537,2,1,31,3,3731,1274400"
"Phoenix,3,1156,3,1,5,1,3023,297600"
"Denver,2,683,1,1,6,1,1104,308400"
"Denver,2,1087,2,1,68,1,2399,338400"
"Columbus,3,1973,2,1,30,2,4291,236900"
"Indianapolis,3,2537,3,2,65,1,7837,380600"
"Chicago,2,1536,3,2,1,1,4341,557500"
"Austin,2,2921,5,3,6,1,9362,1252000"
"Austin,2,1434,3,2,79,1,4868,444700"
"Seattle,2,1745,3,1,11,2,5353,684500"
"Seattle,2,1198,1,1,55,2,2247,575600"
"Seattle,2,2544,3,1,28,0,6629,1073600"
"San Francisco,1,3263,5,3,40,1,8178,2712500"
"San Francisco,1,755,1,1,9,0,1063,637500"
"Phoenix,3,1675,2,2,21,1,6205,392500"
"Austin,2,2722,3,2,60,1,3963,719900"
"Indianapolis,3,959,2,2,42,1,3773,180400"
"Denver,2,2268,4,2,40,1,2923,654600"
"San Francisco,1,2694,4,2,75,2,8737,2550600"
"New York,1,1951,3,1,32,2,3912,1387000"
"New York,1,2258,4,3,64,1,8430,1106000"
"Indianapolis,3,3045,4,3,57,2,10680,437000"
"New York,1,3166,5,3,36,2,4021,2123700"
"Austin,2,1860,1,1,23,0,2346,563900"
"Indianapolis,3,1554,1,1,28,1,4489,209600"
"Indianapolis,3,1302,2,1,69,0,2108,181000"
"New York,1,2535,6,4,24,0,3142,1508800"
"San Francisco,1,1008,1,1,52,1,3941,863200"
"New York,1,1736,2,1,9,1,5159,1062100"
"San Francisco,1,1967,3,2,27,3,2420,1457900"
"New York,1,1573,4,3,74,2,4048,1184100"
"Denver,2,2082,3,2,43,1,3417,665800"
"Columbus,3,3567,6,3,65,2,12322,563400"
"Denver,2,1821,3,1,20,3,2331,595800"
"Chicago,2,1617,2,2,60,1,3620,418500"
"New York,1,2560,4,2,78,1,4778,1419800"
"Phoenix,3,2056,3,2,74,2,8114,330500"
"Denver,2,2836,5,4,34,3,4023,952600"
"Columbus,3,2007,2,1,54,2,6454,377700"
"Indianapolis,3,1739,3,2,71,0,4414,252600"
"Seattle,2,741,1,2,65,2,2583,358300"
"San Francisco,1,847,1,1,78,1,1525,526700"
"New York,1,707,1,1,2,1,2542,685800"
"Austin,2,2147,3,2,42,1,8290,774400"
"Indianapolis,3,1015,2,2,63,2,1824,180400"
"Seattle,2,2716,4,2,58,1,5105,1177600"
"Phoenix,3,1920,3,1,12,1,7485,510500"
"Denver,2,1741,2,2,45,2,4205,477800"
"New York,1,1351,2,1,13,1,4781,836800"
"Seattle,2,2304,3,2,7,2,8199,1039700"
"Chicago,2,1377,2,2,8,1,2851,379800"
"Chicago,2,1260,2,1,76,1,2143,261500"
"Austin,2,2672,4,2,21,0,5949,1009300"
"New York,1,2131,3,1,36,3,6089,1257500"
"Chicago,2,1747,2,1,20,3,4528,501600"
"New York,1,2317,4,3,71,1,7560,1206200"
"Indianapolis,3,1906,3,2,71,2,5216,271600"
"New York,1,2149,3,1,52,2,7426,1604900"
"San Francisco,1,1369,3,2,66,0,2041,1173700"
"Austin,2,3246,4,3,8,1,7886,1223300"
"Austin,2,1523,3,1,79,2,1896,463100"
"Austin,2,2911,4,2,33,1,4478,1048700"
"Austin,2,1777,3,1,32,3,3782,657600"
"Indianapolis,3,2425,4,2,15,0,9031,362000"
"Austin,2,2377,3,2,70,3,5383,786500"
"Austin,2,2645,3,3,13,3,5199,1014100"
"Austin,2,1354,1,1,68,1,4168,358000"
"San Francisco,1,2599,4,2,57,1,8238,1699500"
"Denver,2,3100,5,3,61,2,7898,904000"
"New York,1,1732,2,1,2,2,3478,1045500"
"Chicago,2,1923,3,2,59,1,3933,414300"
"San Francisco,1,1560,1,2,77,1,2682,1061200"
"Indianapolis,3,1675,2,1,31,2,3711,291400"
"Austin,2,3012,4,2,35,1,5033,1063800"
"Columbus,3,1247,2,1,8,2,3741,272900"
"Austin,2,1288,2,1,39,1,4772,474500"
"San Francisco,1,2947,4,3,53,3,5634,2763400"
"Phoenix,3,2306,3,2,23,0,4331,429300"
"Chicago,2,3278,4,3,59,3,12177,871700"
"Phoenix,3,1607,2,1,6,1,4484,340400"
"Austin,2,1982,4,3,53,3,6428,596700"
"Chicago,2,1471,2,1,47,0,5427,446400"
"Columbus,3,1993,2,1,18,2,6102,337600"
"Chicago,2,747,1,1,27,2,2449,286100"
"Seattle,2,2345,4,3,19,2,5355,989400"
"Chicago,2,2110,3,1,49,0,8075,621000"
"Chicago,2,1863,4,3,50,1,5907,457100"
"Indianapolis,3,1646,2,1,44,0,2306,257500"
"Seattle,2,1318,2,1,15,1,3778,675600"
"Austin,2,2373,4,2,17,2,3477,637500"
"Phoenix,3,1139,2,1,64,3,3032,228700"
"Austin,2,2233,2,1,36,2,3233,800800"
"Chicago,2,3248,4,2,34,0,9602,975800"
"Austin,2,2866,5,3,24,1,7101,1052700"
"New York,1,922,1,1,74,1,2534,559700"
"Phoenix,3,1551,3,1,19,0,4679,304300"
"New York,1,2174,3,2,61,2,4133,1481000"
"New York,1,1854,3,2,61,1,3883,1131000"
"Chicago,2,990,1,1,19,0,2524,289900"
"Phoenix,3,2150,3,2,0,2,5989,473100"
"Columbus,3,1893,2,1,19,0,7167,363400"
"Boston,1,3144,5,3,21,1,6871,1784800"
"New York,1,1735,3,1,59,1,4957,1258900"
"Indianapolis,3,2659,4,3,42,0,10059,395600"
"New York,1,1076,1,1,34,1,3454,683600"
"New York,1,1232,1,1,38,1,2611,901900"
"Boston,1,2369,4,2,76,2,5594,1260800"
"Austin,2,2604,3,2,75,1,9532,909800"
"Columbus,3,1278,3,1,2,1,3100,274900"
"Phoenix,3,1916,3,1,67,2,3651,335400"
"Chicago,2,1002,1,1,28,0,2670,308100"
"New York,1,1782,3,2,60,0,3066,1286600"
"Seattle,2,2444,4,3,78,1,6916,983500"
"Austin,2,1617,1,1,41,0,6430,531700"
"New York,1,1738,2,1,49,0,6803,1039700"
"Boston,1,1166,3,1,34,3,3403,830400"
"Boston,1,1479,2,1,5,1,5445,698900"
"New York,1,3043,4,3,2,1,10597,1831700"
"Denver,2,1947,3,2,28,1,7519,658500"
"Chicago,2,1248,2,2,65,0,4549,322900"
"San Francisco,1,1695,2,1,27,2,6305,1538400"
"Austin,2,862,1,1,34,2,1588,382600"
"Phoenix,3,1241,3,2,42,3,2038,252100"
"Phoenix,3,2784,3,2,25,0,3684,475600"
"Phoenix,3,1807,2,1,39,0,5504,319700"
"Austin,2,3129,5,3,48,2,11933,1147400"
"Phoenix,3,1838,4,2,68,1,7320,392800"
"Boston,1,1877,3,2,60,0,6732,826100"
"Seattle,2,2317,3,1,65,1,8172,926700"
"New York,1,500,2,1,41,0,1326,354500"
"Austin,2,2033,2,1,55,2,5012,589400"
"Seattle,2,1868,3,2,11,2,5591,718100"
"Boston,1,2866,5,3,11,2,3621,1387600"
"Phoenix,3,2527,3,2,73,1,8653,476600"
"Boston,1,1163,2,1,48,2,3537,515500"
"Boston,1,2707,4,2,9,2,4537,1351100"
"New York,1,1729,3,2,32,2,5152,1366900"
"Austin,2,1312,1,1,77,1,3777,349800"
"Boston,1,2028,3,3,1,3,6908,1040100"
"Seattle,2,1768,2,1,35,1,6267,791500"
"New York,1,2900,5,3,66,2,5538,1838800"
"Phoenix,3,2121,3,1,75,2,7382,332200"
"Indianapolis,3,2034,4,3,29,2,3478,310200"
"Austin,2,2485,4,2,73,3,5725,743000"
"Chicago,2,2610,4,2,57,1,6732,638000"
"Columbus,3,2409,4,2,32,2,8320,411500"
"Indianapolis,3,2823,5,3,62,1,10510,485400"
"Denver,2,2296,4,3,64,2,2866,663400"
"Columbus,3,2009,1,1,22,1,6558,267500"
"Columbus,3,2705,3,2,7,1,9892,475100"
"Phoenix,3,1841,4,2,62,3,7128,478600"
"Austin,2,1922,2,1,6,2,3748,666100"
"San Francisco,1,3019,5,3,62,1,5085,2094600"
"San Francisco,1,2954,5,3,28,0,7672,2175800"
"Austin,2,1895,2,1,56,1,7055,656800"
"Austin,2,1605,1,1,48,0,3344,484300"
"Seattle,2,2851,4,2,3,0,7453,971800"
"Denver,2,2420,5,3,0,3,9650,794900"
"Denver,2,2105,3,2,50,1,5214,632200"
"Phoenix,3,1691,2,1,41,0,5004,357100"
"San Francisco,1,2116,3,2,3,2,8438,1637600"
"New York,1,1886,4,2,78,0,4203,1133700"
"Phoenix,3,1468,2,1,19,1,2883,325100"
"Columbus,3,1984,3,2,68,1,3951,271900"
"Indianapolis,3,2073,4,2,9,1,6069,341500"
"Columbus,3,1656,3,1,18,1,2742,311200"
"Columbus,3,2487,3,2,42,2,4130,335200"
"Boston,1,2738,3,2,42,1,5280,1267100"
"Seattle,2,2530,5,2,48,2,6868,904000"
"Boston,1,1720,3,2,13,3,6130,802600"
"Denver,2,2391,3,1,21,2,6413,690400"
"Indianapolis,3,1951,2,1,21,3,6617,369100"
"Seattle,2,1097,1,1,35,3,4258,415000"
"Denver,2,2337,3,1,73,2,7647,636400"
"Boston,1,1995,2,1,36,1,5985,925600"
"New York,1,3586,5,4,79,1,4385,2490100"
"New York,1,2847,4,3,20,2,6991,2355000"
"San Francisco,1,2362,3,2,19,2,4607,1747200"
"Indianapolis,3,2062,4,2,8,2,5433,371600"
"Seattle,2,2006,3,2,16,2,7749,895200"
"Phoenix,3,1248,2,1,24,2,2617,289000"
"Chicago,2,770,2,2,30,2,1271,287500"
"New York,1,1333,2,2,57,2,4682,747600"
"New York,1,1869,3,2,35,0,7427,1268900"
"Phoenix,3,531,1,1,54,1,1797,143300"
"Boston,1,1546,2,2,7,0,2454,702000"
"Columbus,3,1739,5,3,75,0,4768,299600"
"New York,1,1760,3,2,11,1,4109,988700"
"Chicago,2,1470,2,1,2,0,4371,445600"
"Phoenix,3,1678,3,1,33,3,5155,434900"
"New York,1,3021,0,2,52,1,10452,1886300"
"Boston,1,2330,4,2,18,2,4362,994000"
"Indianapolis,3,1536,1,1,13,0,5992,210000"
"Boston,1,1856,2,1,67,2,3343,850200"
"Austin,2,1882,3,2,65,1,2912,657500"
"Austin,2,1401,3,2,60,1,4933,485400"
"Boston,1,1400,3,1,17,2,3496,698300"
"Phoenix,3,2557,5,4,42,1,6578,408200"
"Phoenix,3,1627,3,2,55,1,3404,333400"
"Seattle,2,1188,2,1,34,2,1580,487100"
"Phoenix,3,1872,3,1,14,2,3261,374300"
"New York,1,1977,4,2,66,1,6589,1542200"
"San Francisco,1,618,2,2,75,3,1130,424600"
"Denver,2,1874,3,2,13,1,7458,518900"
"Indianapolis,3,2464,4,2,56,1,8381,362800"
"San Francisco,1,2193,4,2,70,1,7842,1573100"
"New York,1,3349,5,2,43,1,12208,2034200"
"Austin,2,2713,4,2,3,1,8717,978700"
"Phoenix,3,2842,5,4,55,2,7120,587300"
"San Francisco,1,3720,6,4,73,1,14016,2456200"
"Seattle,2,2393,3,2,20,3,5730,949200"
"Phoenix,3,2006,3,2,11,0,2945,423200"
"Seattle,2,2533,4,2,20,2,7270,1100500"
"New York,1,1536,4,2,64,0,2297,1049500"
"New York,1,1970,4,3,44,1,5979,1254200"
"Seattle,2,1479,2,1,1,1,5906,732100"
"Austin,2,2159,4,2,47,2,6673,820800"
"Columbus,3,1476,2,1,65,2,2641,230400"
"Chicago,2,1453,3,1,14,1,2304,421700"
"Chicago,2,2169,3,2,46,1,4767,541100"
"Indianapolis,3,1810,3,2,18,1,2911,268900"
"Seattle,2,647,1,1,1,1,1808,342500"
"Seattle,2,954,2,1,32,2,3237,454100"
"Indianapolis,3,1154,1,1,61,1,3511,176000"
"Boston,1,1326,2,1,53,2,3883,572200"
"Chicago,2,2169,4,2,8,3,5248,629300"
"Phoenix,3,2042,4,3,14,1,3438,441100"
"San Francisco,1,2592,4,3,43,3,7739,2458200"
"Austin,2,2389,3,3,25,2,5672,897300"
"New York,1,2597,5,3,26,0,5338,1869700"
"New York,1,2295,3,2,34,2,6991,1710200"
"Austin,2,2036,4,2,60,1,4601,617200"
"Boston,1,2615,5,3,46,2,4371,1415100"
"Phoenix,3,2498,5,3,68,2,6379,500200"
"Columbus,3,2144,4,3,8,2,4309,398600"
"Phoenix,3,2726,4,2,37,2,8870,472400"
"Boston,1,500,1,1,44,2,666,289400"
"Boston,1,1711,3,2,60,1,6139,638100"
"Boston,1,1701,2,1,41,3,4238,795100"
"New York,1,2649,5,3,73,2,3297,1548500"
"Indianapolis,3,2921,5,3,67,2,4596,375300"
"Seattle,2,957,1,1,55,2,3682,356400"
"New York,1,2817,6,3,31,0,7616,2030300"
"Columbus,3,1139,2,1,25,1,3818,243300"
"Seattle,2,1158,1,1,42,2,4252,624300"
"San Francisco,1,1748,2,1,37,3,3665,1641700"
"New York,1,1693,4,2,2,2,4624,1288300"
"Chicago,2,887,3,1,18,1,2680,350300"
"Phoenix,3,2322,4,3,66,1,8258,476700"
"New York,1,2342,5,3,36,1,5565,1499100"
"Columbus,3,2585,5,3,75,1,9991,399900"
"Columbus,3,1618,3,1,19,2,4692,329300"
"Columbus,3,1874,3,2,77,1,6834,435800"
"New York,1,1880,3,3,64,1,2695,1377700"
"San Francisco,1,2997,5,3,28,1,7485,2369500"
"Columbus,3,500,1,1,48,3,851,132500"
"Boston,1,1278,2,1,79,2,4797,618500"
"Denver,2,1904,4,2,50,1,3538,580600"
"Phoenix,3,1194,2,1,74,1,3816,249900"
"New York,1,1732,2,1,8,1,2383,1163100"
"Phoenix,3,1818,3,3,13,1,3204,361500"
"Indianapolis,3,1473,2,1,0,2,3087,280400"
"Chicago,2,1942,2,1,26,1,6582,566400"
"Austin,2,2308,4,2,63,1,4393,712500"
"Columbus,3,1746,2,2,77,1,6089,277600"
"Austin,2,1605,2,1,43,1,5470,608800"
"Phoenix,3,1792,2,1,33,1,7129,376100"
"Phoenix,3,1895,4,4,74,2,5867,375900"
"Phoenix,3,769,2,1,47,0,2295,164600"
"Boston,1,2200,3,2,42,1,6345,996600"
"New York,1,1607,2,1,6,2,2422,1346100"
"New York,1,2720,4,2,17,3,7173,1797900"
"Austin,2,2284,4,2,55,0,8186,779200"
"Austin,2,2661,4,2,55,0,3349,778300"
"Denver,2,1243,2,1,39,3,1932,401400"
"Seattle,2,1659,3,2,56,0,4780,606900"
"Phoenix,3,1092,2,1,55,3,3900,254400"
"Columbus,3,1442,2,2,5,2,2971,275700"
"Boston,1,2714,4,2,66,0,9879,1394800"
"Chicago,2,2867,4,3,55,0,6150,695200"
"Chicago,2,1154,4,2,17,3,2889,405300"
"Austin,2,1602,2,2,17,1,6197,589200"
"New York,1,1850,3,2,76,1,4383,1215300"
"Phoenix,3,2281,4,3,20,1,6566,585600"
"Indianapolis,3,756,1,1,2,2,2887,160800"
"Chicago,2,858,1,1,2,2,1665,323100"
"Columbus,3,2218,3,2,18,2,3233,307300"
"Indianapolis,3,633,1,1,50,0,2458,129200"
"Seattle,2,1610,3,2,36,1,4456,695200"
"Chicago,2,2005,2,1,58,2,7828,424200"
"Austin,2,2170,5,3,18,1,7870,680200"
"Indianapolis,3,1808,3,2,18,2,5180,337200"
"San Francisco,1,1662,3,1,32,2,4188,1063000"
"Seattle,2,2449,3,2,63,0,6232,969400"
"Columbus,3,2085,3,2,40,3,3471,332400"
"Boston,1,1479,3,2,60,1,3653,683900"
"Phoenix,3,1925,6,4,7,1,6739,445800"
"Seattle,2,2149,4,2,32,0,8529,814200"
"Indianapolis,3,3017,5,3,34,1,11733,432100"
"Columbus,3,2411,4,2,5,1,9389,472400"
"Boston,1,2689,4,3,25,1,3370,1201900"
"Phoenix,3,1503,3,2,22,2,3974,375300"
"Seattle,2,1559,2,1,36,2,2744,639800"
"Denver,2,1747,2,1,13,0,5106,610600"
"Chicago,2,1807,2,2,21,2,6954,557800"
"Phoenix,3,1245,3,2,76,2,4550,247300"
"San Francisco,1,2723,4,2,11,1,9875,1905200"
"New York,1,2474,4,3,65,3,5502,1793300"
"Chicago,2,1701,3,1,43,1,4428,408800"
"Denver,2,2317,3,2,6,0,4610,777900"
"Austin,2,2045,3,2,32,0,5625,692700"
"San Francisco,1,2368,3,2,41,1,4853,1681000"
"Seattle,2,1026,1,1,22,1,3555,515700"
"Columbus,3,1805,2,2,21,0,4513,364900"
"San Francisco,1,1862,2,2,56,1,5886,1519500"
"Seattle,2,2305,4,3,2,3,8398,1087300"
"Indianapolis,3,1492,3,2,74,2,3043,257000"
"San Francisco,1,500,1,1,25,2,1471,421800"
"Phoenix,3,1197,2,1,30,2,4271,249200"
"Boston,1,1860,4,3,10,2,7183,948200"
"Columbus,3,1942,2,1,70,1,3217,320200"
"Phoenix,3,2994,5,2,17,1,9305,684700"
"Columbus,3,2279,4,2,64,1,5512,279200"
"New York,1,1953,4,3,26,0,3905,1269400"
"Denver,2,1879,3,2,2,1,3085,534000"
"Phoenix,3,2618,4,3,32,1,7433,535000"
"Boston,1,1516,2,1,41,0,3237,777600"
"New York,1,1809,3,2,37,1,5554,1379700"
"San Francisco,1,1192,2,2,78,2,2368,934000"
"Indianapolis,3,2822,3,2,41,1,3391,355200"
"Chicago,2,2155,4,3,62,1,7215,563800"
"Chicago,2,1440,3,1,29,1,2378,439200"
"Phoenix,3,1826,2,1,11,1,3482,496600"
"Denver,2,2231,3,1,39,2,4147,576000"
"Austin,2,1737,3,2,44,0,3749,689900"
"Austin,2,1553,2,1,33,1,3974,551700"
"Chicago,2,1475,1,1,61,3,5125,430600"
"New York,1,2120,3,2,77,1,6404,1361000"
"Columbus,3,1667,2,1,6,2,2682,359800"
"Phoenix,3,1605,1,1,5,2,2751,372900"
"Seattle,2,1032,2,1,21,1,3686,466500"
"Denver,2,1950,4,2,46,1,3704,637200"
"New York,1,1782,3,2,3,1,3230,1438500"
"Indianapolis,3,1691,3,2,15,1,2046,277200"
"Columbus,3,2029,2,1,32,1,6832,253400"
"Indianapolis,3,2386,4,2,30,2,7797,367500"
"Seattle,2,2356,4,2,67,0,5120,913500"
"New York,1,2259,4,2,43,0,2757,1431700"
"New York,1,1744,4,2,69,1,5929,1081600"
"San Francisco,1,1531,2,1,60,1,2263,1303800"
"New York,1,1221,1,1,33,2,3039,614900"
"San Francisco,1,1514,2,1,78,0,5378,1103800"
"Indianapolis,3,1913,3,2,67,2,3604,270100"
"San Francisco,1,1389,2,1,39,2,3143,1386400"
"New York,1,1962,2,2,68,1,5985,1242700"
"Phoenix,3,1272,1,1,20,2,3924,316300"
"Denver,2,820,1,1,16,1,2046,329000"
"Phoenix,3,2433,3,2,63,0,5874,447600"
"Chicago,2,1592,3,2,63,1,3780,502500"
"Columbus,3,1356,2,2,17,1,3473,232000"
"Chicago,2,1189,1,1,60,2,2581,286100"
"Austin,2,2175,3,2,40,1,4172,777100"
"Chicago,2,2794,4,2,44,1,5825,720000"
"Austin,2,1638,3,2,67,2,4157,526700"
"Seattle,2,1760,3,2,12,1,3995,782100"
"Austin,2,2597,4,3,32,2,7374,989100"
"New York,1,723,1,1,23,1,2145,614800"
"Phoenix,3,3178,4,2,44,3,12678,585200"
"Boston,1,3489,5,3,12,1,10197,1688800"
"New York,1,500,1,1,9,2,1628,494800"
"Boston,1,1837,4,3,55,1,2709,914100"
"Columbus,3,1433,1,1,4,3,4771,282400"
"Seattle,2,1728,2,1,33,3,4536,637700"
"Chicago,2,1628,3,2,78,2,5904,460100"
"Columbus,3,2428,4,3,79,0,9514,400700"
"San Francisco,1,1827,4,2,14,1,3371,1740900"
"Phoenix,3,1308,2,1,74,2,4971,219000"
"Boston,1,1788,3,1,26,2,5508,880600"
"New York,1,2235,4,2,15,2,7307,1521000"
"Chicago,2,1131,3,2,40,2,2853,338900"
"Columbus,3,830,2,1,39,1,1821,137400"
"Boston,1,3195,5,3,29,1,10991,1315100"
"Denver,2,1482,2,1,34,1,1870,479900"
"Boston,1,1811,3,2,7,2,4914,885600"
"Denver,2,1641,3,2,21,1,2308,492400"
"Chicago,2,2256,3,3,15,0,4316,718800"
"Denver,2,3052,5,3,74,2,9860,1161600"
"Chicago,2,2277,4,3,39,0,7544,612000"
"New York,1,913,1,1,43,1,3368,538200"
"Chicago,2,1000,1,1,35,1,3203,313700"
"Chicago,2,1641,3,2,70,1,5070,317700"
"Chicago,2,1726,1,1,63,0,6639,352300"
"San Francisco,1,781,1,1,55,2,2112,681600"
"Austin,2,2433,3,1,24,2,7374,685500"
"Seattle,2,1194,2,2,24,2,4335,566800"
"San Francisco,1,2871,6,4,75,3,9584,1815300"
"New York,1,3083,5,3,74,1,10346,1972200"
"Austin,2,1739,4,2,22,1,4700,725000"
"Phoenix,3,2185,4,3,26,0,5851,430100"
"New York,1,1099,2,1,26,2,3315,822100"
"Phoenix,3,2305,5,3,62,1,7287,420300"
"Denver,2,1576,2,1,75,3,4301,426200"
"Phoenix,3,1193,1,1,71,1,2051,193900"
"Austin,2,1712,3,1,67,2,3245,594700"
"Austin,2,1597,2,1,27,1,4121,462600"
"Denver,2,1689,3,1,25,2,2992,531800"
"Indianapolis,3,2517,4,2,71,1,6005,350700"
"Austin,2,1390,2,1,31,1,2241,537000"
"Austin,2,3028,6,4,17,2,4873,1095300"
"Denver,2,1039,1,1,67,1,3700,314500"
"Chicago,2,2950,5,3,38,2,8019,727900"
"San Francisco,1,1239,2,1,6,2,4194,1219500"
"Austin,2,1899,2,1,71,2,2340,510700"
"Austin,2,1581,2,1,23,1,3162,495400"
"Indianapolis,3,1677,2,1,24,0,2095,286100"
"Austin,2,2421,4,3,42,0,2928,811300"
"Austin,2,2875,4,3,21,2,3708,998100"
"Indianapolis,3,2674,4,3,66,1,7114,395100"
"Austin,2,1637,1,1,55,3,2381,520700"
"New York,1,2020,5,3,45,3,6940,1183000"
"New York,1,1392,2,1,16,0,3682,1008400"
"San Francisco,1,1255,2,2,39,2,2368,1032500"
"San Francisco,1,1155,1,1,21,1,4098,874900"
"Austin,2,1616,2,1,76,1,4245,428000"
"Phoenix,3,2062,5,3,63,1,4500,412100"
"Chicago,2,657,1,1,9,2,1833,221800"
"San Francisco,1,1870,3,2,42,2,5766,1456000"
"Denver,2,2885,4,2,62,0,7976,798000"
"New York,1,2629,4,3,41,1,10021,1735400"
"Indianapolis,3,1520,2,1,10,1,3331,267500"
"New York,1,992,1,1,11,1,2329,812900"
"Chicago,2,2199,3,1,58,0,7927,499000"
"Seattle,2,500,1,1,41,2,1492,312000"
"Chicago,2,2622,4,3,43,3,10240,705800"
"Seattle,2,1761,3,1,21,1,6019,937700"
"Phoenix,3,3090,4,3,21,2,8146,586000"
"New York,1,777,2,2,32,2,2313,519800"
"Columbus,3,2497,3,2,43,1,5836,431200"
"Austin,2,1835,3,1,37,2,2858,647200"
"Phoenix,3,1685,2,1,70,1,3943,349700"
"Columbus,3,1010,1,1,15,1,2008,214500"
"Indianapolis,3,2287,4,2,37,1,7087,443700"
"New York,1,2339,5,3,18,2,7190,1611700"
"Boston,1,3060,5,3,0,1,11703,1703700"
"Boston,1,2555,5,3,33,1,3634,1119500"
"Boston,1,1514,4,3,4,1,3799,890900"
"Denver,2,1247,2,2,29,1,2888,472100"
"Indianapolis,3,1010,3,2,50,1,2704,197600"
"Indianapolis,3,2858,5,4,30,1,4386,461700"
"Austin,2,1394,2,2,54,2,3591,297900"
"Chicago,2,2862,5,3,23,1,8699,771100"
"Columbus,3,2241,2,1,32,1,4658,327200"
"Indianapolis,3,2114,3,3,70,2,6387,291900"
"New York,1,1701,2,1,19,2,3307,1130700"
"Austin,2,2329,2,2,40,0,5203,826300"
"Phoenix,3,1890,3,2,57,1,7069,393800"
"Boston,1,1660,2,2,28,1,2108,750700"
"Austin,2,2352,4,1,24,1,4619,642500"
"Indianapolis,3,1806,3,2,55,2,6899,333200"
"Indianapolis,3,1381,2,1,5,0,2226,215700"
"Columbus,3,2290,3,2,21,1,5296,380600"
"Phoenix,3,1858,3,2,32,1,4592,494400"
"Boston,1,2218,3,1,17,1,6715,984800"
"Seattle,2,1605,3,2,43,0,4675,658500"
"Denver,2,1114,1,1,49,2,3292,377700"
"Denver,2,3028,5,4,77,1,11607,734400"
"Austin,2,2905,5,3,48,1,6681,747300"
"Chicago,2,2474,4,2,47,2,6362,606800"
"Seattle,2,1648,2,1,58,0,6426,622700"
"Phoenix,3,1705,2,2,16,1,2658,376700"
"Seattle,2,2799,4,3,37,1,10790,1033700"
"Seattle,2,1670,2,1,66,0,6438,686300"
"New York,1,1489,1,1,14,1,5762,785800"
"New York,1,3117,5,3,23,0,4325,1988900"
"Columbus,3,1869,3,2,17,2,5265,364100"
"Austin,2,3049,4,3,76,2,10814,1008100"
"New York,1,991,1,1,28,0,2060,687900"
"Phoenix,3,2237,3,2,26,0,6383,420600"
"Denver,2,3246,6,3,65,2,6226,925000"
"San Francisco,1,1919,3,2,72,1,2999,1603100"
"Boston,1,1728,2,1,0,1,6197,827900"
"New York,1,1141,1,1,70,2,4504,841700"
"Chicago,2,2604,3,2,56,0,3633,697800"
"Boston,1,1399,3,2,69,3,2154,528400"
"San Francisco,1,1838,3,2,6,0,5235,1479400"
"San Francisco,1,1098,2,1,3,2,1583,867700"
"Denver,2,2912,5,3,26,1,8641,752700"
"San Francisco,1,2651,5,3,67,1,8522,2189600"
"Columbus,3,1879,2,1,39,1,4436,319100"
"New York,1,1150,2,2,57,3,3815,855300"
"Denver,2,2898,5,3,19,1,4400,778600"
"Austin,2,1662,2,1,26,0,3396,573500"
"Austin,2,1182,2,1,70,3,4091,344700"
"San Francisco,1,755,1,1,39,0,1093,628900"
"Phoenix,3,1480,3,2,62,0,2957,266000"
"Columbus,3,954,2,1,51,0,2804,190100"
"San Francisco,1,1495,2,1,14,2,2830,1176600"
"New York,1,2384,3,1,75,1,6071,1497100"
"Columbus,3,1656,1,1,75,1,5869,248900"
"Denver,2,2131,3,2,62,3,4166,634400"
"New York,1,1430,2,1,37,2,3461,997400"
"New York,1,1942,2,1,34,1,2430,1292300"
"Chicago,2,3149,5,3,23,1,10025,752200"
"Chicago,2,1673,3,2,51,1,3671,466800"
"Denver,2,2150,3,2,24,1,7758,774000"
"Indianapolis,3,882,0,1,14,1,1277,179900"
"Austin,2,2888,5,3,4,2,9791,990200"
"Boston,1,1590,2,2,33,2,5531,823900"
"Austin,2,2583,3,1,65,1,8712,765700"
"Seattle,2,1820,2,1,63,0,5926,692300"
"New York,1,2298,3,2,67,1,4288,1224800"
"San Francisco,1,2336,4,2,48,2,5529,2078400"
"Seattle,2,1606,2,2,69,2,3663,794200"
"Chicago,2,2610,4,3,62,2,4894,600100"
"San Francisco,1,1407,1,1,64,3,3625,1170900"
"Austin,2,2406,4,2,40,2,7586,960500"
"Chicago,2,1646,3,2,6,3,4182,459100"
"Denver,2,2127,5,3,30,2,8356,544000"
"Phoenix,3,1600,2,1,67,1,5095,357800"
"Phoenix,3,1932,3,2,59,2,4713,383300"
"Chicago,2,1201,4,3,1,1,2800,403300"
"San Francisco,1,2061,3,2,7,0,5841,1661500"
"Austin,2,1929,3,1,52,1,4647,593100"
"Denver,2,15490,2,1,78,1,2821,578100"
"Boston,1,1864,4,3,58,2,4956,845300"
"San Francisco,1,1987,2,1,75,1,6127,1487500"
"New York,1,1499,3,1,5,0,3303,1237100"
"Austin,2,1816,2,2,70,3,3620,674700"
"Seattle,2,1246,2,1,10,1,2254,658800"
"New York,1,3425,4,3,70,1,7589,2005000"
"Phoenix,3,2588,5,2,77,1,4876,458700"
"Indianapolis,3,2078,3,2,40,0,6934,228400"
"New York,1,2662,3,2,42,3,7955,1735800"
"Indianapolis,3,613,2,1,39,1,1228,128200"
"San Francisco,1,500,1,1,44,3,1989,552700"
"Indianapolis,3,1640,3,1,65,1,4933,280800"
"Indianapolis,3,1004,2,2,22,2,1605,217200"
"San Francisco,1,1746,3,2,22,0,6150,1598700"
"Phoenix,3,2034,2,2,77,1,6733,374100"
"Indianapolis,3,2498,4,3,67,1,6495,400600"
"Columbus,3,1160,2,1,43,1,2150,204500"
"Indianapolis,3,2160,3,2,16,3,7496,411300"
"Denver,2,1909,3,2,76,2,2956,602400"
"San Francisco,1,2126,2,2,70,1,5040,1616200"
"Columbus,3,1562,3,2,26,2,5449,249400"
"Denver,2,2799,3,3,43,0,9640,957000"
"Denver,2,1833,3,1,33,3,5432,631700"
"Seattle,2,3053,5,2,67,1,3730,1239600"
"Denver,2,1386,3,2,54,1,2956,461600"
"New York,1,2383,3,1,39,1,8552,1648600"
"Chicago,2,1861,4,3,77,1,5992,561200"
"San Francisco,1,1687,3,2,48,3,5853,1289300"
"Chicago,2,2311,3,2,38,1,3181,618000"
"Columbus,3,1706,2,2,74,0,6541,236500"
"Austin,2,500,1,1,35,2,921,256000"
"Austin,2,500,1,1,33,1,1065,239600"
"Boston,1,2727,4,3,31,0,9691,1193700"
"Indianapolis,3,2700,5,2,17,2,6311,420100"
"Chicago,2,3127,4,3,22,0,9383,762000"
"Seattle,2,1889,2,1,7,2,5188,796100"
"New York,1,1060,2,1,58,1,3843,756000"
"New York,1,1627,2,1,47,1,2664,1082200"
"Austin,2,1907,3,2,74,1,2811,449700"
"Indianapolis,3,1245,3,2,48,1,3698,219100"
"Chicago,2,2972,5,4,6,1,10595,814600"
"New York,1,3356,5,4,49,1,12701,2097900"
"Columbus,3,2211,4,2,14,2,5129,343400"
"Seattle,2,1893,2,1,2,1,6167,834600"
"Columbus,3,1058,2,2,53,2,2427,188400"
"Boston,1,2905,5,2,2,0,6080,1581800"
"Denver,2,1950,4,3,32,3,2472,513400"
"Indianapolis,3,1712,3,2,71,1,3253,207200"
"Boston,1,2213,3,1,20,2,3710,914600"
"Chicago,2,1519,3,2,55,1,2965,417800"
"Indianapolis,3,1995,3,2,30,0,4007,338300"
"New York,1,962,2,1,9,1,3468,816600"
"San Francisco,1,2607,4,3,15,3,4613,1792800"
"Chicago,2,1832,3,1,5,2,6401,520500"
"Seattle,2,2653,4,3,12,2,9567,1052800"
"San Francisco,1,1769,4,2,12,1,4420,1556400"
"Austin,2,1811,4,3,70,1,5847,578100"
"Phoenix,3,1112,2,1,64,1,2326,182600"
"Boston,1,2394,5,3,28,2,2992,1230800"
"Seattle,2,1331,1,1,57,1,4242,621100"
"Columbus,3,1584,1,1,16,2,4590,285300"
"Austin,2,1901,3,2,51,2,4737,649900"
"Columbus,3,1979,3,2,16,1,7355,299500"
"Austin,2,791,1,1,51,2,2560,228600"
"Indianapolis,3,1750,2,1,28,1,4185,207000"
"Chicago,2,2417,5,3,68,1,3262,595100"
"New York,1,1654,4,2,66,1,6042,1066900"
"Columbus,3,1754,4,2,26,1,6941,356300"
"Austin,2,2006,4,2,3,1,5971,727000"
"New York,1,1818,3,2,25,2,6092,1439100"
"New York,1,1230,1,1,22,2,3219,982800"
"Chicago,2,1876,3,2,34,1,3494,486200"
"San Francisco,1,2546,5,2,45,3,9557,1763300"
"Boston,1,1217,2,2,79,2,3806,439600"
"New York,1,1657,2,1,5,0,4534,1356100"
"Austin,2,1002,2,1,44,1,3116,329200"
"Seattle,2,2512,5,4,13,3,6615,929800"
"Austin,2,1840,2,1,43,1,2509,594600"
"Boston,1,1347,2,2,50,1,4107,542200"
"San Francisco,1,1960,3,2,64,3,2381,1491000"
"Denver,2,1118,2,1,44,2,2031,360700"
"Seattle,2,1228,3,2,14,2,2010,674300"
"Chicago,2,951,1,1,73,2,2047,268500"
"San Francisco,1,1207,3,2,32,1,4518,1180100"
"San Francisco,1,2782,4,2,38,2,3959,2129300"
"Boston,1,1423,4,3,51,2,3132,656800"
"Austin,2,2203,4,2,21,1,7329,682600"
"Seattle,2,1356,2,1,79,0,4904,483000"
"Phoenix,3,2394,4,2,3,1,7807,653700"
"Seattle,2,1233,2,1,12,2,4812,589500"
"Denver,2,1925,2,1,79,2,6061,558000"
"Denver,2,1934,3,2,36,2,6354,749500"
"San Francisco,1,3413,5,3,71,1,8129,2556900"
"Austin,2,2310,2,1,72,2,4726,630100"
"Seattle,2,1515,2,2,79,0,3777,625500"
"Austin,2,2345,2,1,58,3,7856,716100"
"San Francisco,1,3290,5,3,54,1,9938,2545900"
"Phoenix,3,841,1,1,49,2,2827,212500"
"Indianapolis,3,1352,2,2,54,1,3998,198000"
"San Francisco,1,1746,2,1,20,0,5679,1408700"
"Denver,2,1629,2,1,65,0,2665,539000"
"Phoenix,3,1684,2,1,14,2,3547,344000"
"Boston,1,1052,2,2,38,1,2915,647200"
"Phoenix,3,2813,4,2,29,2,3506,506700"
"Chicago,2,975,1,1,60,1,3661,323400"
"Indianapolis,3,1770,3,2,20,1,3311,257000"
"Indianapolis,3,2580,4,3,16,1,3735,370500"
"San Francisco,1,1880,3,2,64,0,5753,1657500"
"Austin,2,1263,4,3,38,1,2201,580000"
"Denver,2,1023,1,1,57,1,2837,352800"
"New York,1,1751,2,1,70,1,3322,935800"
"Seattle,2,1408,2,1,66,2,2344,563100"
"Indianapolis,3,2033,2,1,31,1,6623,303000"
"San Francisco,1,989,2,1,13,1,2262,789700"
"Austin,2,2428,3,2,76,2,6819,819400"
"Columbus,3,1975,3,2,24,0,3565,301000"
"Seattle,2,2023,3,2,61,1,5557,683100"
"Austin,2,2837,4,3,61,0,6750,713400"
"Indianapolis,3,1615,1,1,35,0,2170,270400"
"Austin,2,1428,2,1,13,0,4619,494000"
"New York,1,1544,3,2,37,1,4241,1012100"
"San Francisco,1,1775,3,2,11,0,6739,1285900"
"Indianapolis,3,1841,4,3,28,2,6374,374700"
"Boston,1,1360,3,2,30,2,3807,602300"
"Austin,2,585,1,1,41,0,773,196900"
"San Francisco,1,1535,4,2,14,1,5074,1267000"
"Austin,2,2134,3,2,67,0,5841,662600"
"Indianapolis,3,1989,3,2,6,0,7037,357300"
"Austin,2,2680,4,3,78,3,7551,789100"
"Indianapolis,3,3171,6,3,25,1,3823,537000"
"Boston,1,2394,4,3,39,0,8335,1048300"
"Austin,2,2799,4,2,70,2,9623,783000"
"Columbus,3,2398,4,2,52,3,3545,331200"
"Austin,2,3011,4,2,4,1,9378,932700"
"Boston,1,3103,5,4,48,2,8295,1244200"
"Columbus,3,2518,4,3,45,2,7181,460200"
"Seattle,2,2359,3,1,74,2,8705,808500"
"Denver,2,1767,3,2,45,1,3355,542000"
"Indianapolis,3,1873,2,1,79,2,2317,202400"
"New York,1,1680,3,2,42,1,2997,967800"
"Boston,1,2304,3,2,15,1,8668,1285000"
"San Francisco,1,1432,4,3,40,0,2566,1393600"
"Seattle,2,1776,3,3,73,1,5485,833600"
"New York,1,500,1,1,1,0,1706,398500"
"Chicago,2,3020,4,3,31,0,10501,665600"
"New York,1,1757,4,3,3,1,2160,1580400"
"Chicago,2,2196,3,2,67,3,2693,525100"
"Boston,1,2848,4,2,40,0,11304,1100800"
"Seattle,2,2095,3,2,57,1,5608,947700"
"Seattle,2,2839,5,3,77,2,3913,1095500"
"Chicago,2,1093,2,1,66,1,1394,294700"
"Austin,2,3458,5,3,32,2,12000,846600"
"Seattle,2,2607,4,2,74,1,9734,983400"
"Columbus,3,2036,3,2,37,2,5433,389700"
"Denver,2,2826,5,3,78,1,6332,747800"
"New York,1,1140,2,2,78,1,3610,856300"
"Columbus,3,1712,3,2,17,2,2162,266100"
"Seattle,2,2839,4,2,62,0,10552,1098400"
"San Francisco,1,686,1,1,55,1,1315,672300"
"Austin,2,2264,3,2,61,1,3927,606500"
"New York,1,2246,4,2,13,2,4650,1597000"
"New York,1,3180,4,3,40,1,4383,2148200"
"Phoenix,3,871,1,1,12,2,1995,242600"
"New York,1,2946,5,4,71,2,9431,1859400"
"Phoenix,3,1536,3,2,69,0,3986,264100"
"Indianapolis,3,1609,2,1,46,3,4940,258400"
"Denver,2,1106,2,2,10,2,1989,428100"
"Chicago,2,1193,2,1,52,1,2761,266500"
"Chicago,2,2162,3,2,35,1,5739,651400"
"Indianapolis,3,1177,2,1,63,1,3299,153700"
"Seattle,2,2381,3,3,7,3,4100,865600"
"New York,1,1469,1,1,32,1,5085,932400"
"Austin,2,1112,1,1,28,1,1615,359200"
"Denver,2,1557,2,1,76,3,2297,434500"
"New York,1,2119,2,2,23,2,4024,1209200"
"Denver,2,1720,3,2,79,0,5215,521700"
"San Francisco,1,1922,3,2,73,2,2721,1643600"
"Indianapolis,3,2353,3,2,46,2,2874,330900"
"Boston,1,2604,4,2,13,1,6568,1029000"
"San Francisco,1,1698,3,2,17,1,3686,1234000"
"San Francisco,1,1221,2,2,1,2,2001,1124200"
"Boston,1,1949,2,1,61,1,5918,662400"
"Boston,1,2206,2,1,58,3,6609,853500"
"San Francisco,1,951,1,1,25,1,1466,644900"
"Boston,1,1321,2,1,58,2,2435,625900"
"New York,1,1433,1,1,46,2,3184,1197500"
"Seattle,2,1765,2,2,65,0,7011,599200"
"Seattle,2,1405,2,1,6,0,4710,712200"
"Seattle,2,2360,3,2,15,3,5060,945000"
"Seattle,2,857,1,1,64,2,3345,317600"
"San Francisco,1,873,2,1,29,1,2160,911100"
"San Francisco,1,1683,2,2,76,0,3812,1524600"
"New York,1,1786,4,3,70,1,6865,1261300"
"Phoenix,3,954,1,1,7,0,3111,258100"
"Indianapolis,3,1506,3,2,32,1,4117,254300"
"Indianapolis,3,1639,2,2,58,1,4724,235000"
"Austin,2,1644,1,1,10,1,6451,625500"
"Denver,2,1999,2,1,68,2,3255,606400"
"Boston,1,1470,2,1,7,3,3193,938300"
"Phoenix,3,2861,5,2,8,3,6806,570000"
"Phoenix,3,2217,2,2,43,2,8773,464400"
"Columbus,3,1375,2,1,19,1,1974,248600"
"Columbus,3,1961,2,1,51,1,2966,328800"
"Austin,2,1981,3,2,31,1,4792,875500"
"Phoenix,3,2690,4,3,21,1,4503,613300"
"Phoenix,3,1510,3,2,66,2,4707,344800"
"Boston,1,2399,4,3,12,2,5302,1317800"
"Indianapolis,3,1927,3,1,39,2,6878,344400"
"San Francisco,1,2870,5,3,13,1,9460,2935000"
"Indianapolis,3,2739,4,1,10,1,6898,324400"
"Phoenix,3,2028,5,3,16,2,7232,517800"
"San Francisco,1,1730,2,2,20,1,2564,946900"
"Chicago,2,2229,3,2,32,0,6302,653600"
"San Francisco,1,1783,3,2,37,2,5161,1524000"
"Phoenix,3,2992,5,3,11,2,5651,579800"
"Phoenix,3,1951,3,2,3,0,2612,285100"
"Denver,2,1636,3,1,7,1,4415,564500"
"Columbus,3,1601,1,1,50,2,4224,266000"
"San Francisco,1,1112,3,1,77,3,3369,869500"
"Boston,1,2262,3,3,2,1,4063,1035100"
"Seattle,2,1367,3,1,2,2,2328,587600"
"San Francisco,1,2614,3,2,62,1,10294,1941700"
"Austin,2,1060,2,1,57,2,1609,332100"
"Boston,1,1983,3,2,58,1,7929,1022200"
"Seattle,2,2648,4,2,13,2,8516,1127200"
"Austin,2,501,1,1,69,2,1484,154500"
"Columbus,3,3212,5,3,49,1,6910,506700"
"Boston,1,1624,2,1,12,0,5895,856700"
"Columbus,3,1992,3,2,9,2,7466,455500"
"Austin,2,2271,3,2,48,0,7316,820000"
"Seattle,2,2372,4,3,62,2,7561,871200"
"Austin,2,2078,4,2,62,1,5363,789300"
"Seattle,2,2548,4,3,47,0,3613,835600"
"Boston,1,2237,3,2,41,2,8942,1082900"
"Austin,2,3045,5,3,55,1,3787,1033100"
"New York,1,2240,5,3,10,2,5795,1876100"
"Seattle,2,3177,6,5,29,1,7078,1633900"
"Denver,2,2486,2,1,7,0,8386,894400"
"Seattle,2,726,1,1,67,0,2367,292400"
"Phoenix,3,3597,6,3,48,1,10642,743100"
"Boston,1,1527,2,1,62,2,2152,704400"
"Indianapolis,3,2872,4,2,39,1,5351,362300"
"Phoenix,3,1917,3,3,74,0,2806,344900"
"Indianapolis,3,2590,4,3,74,3,10208,462400"
"Phoenix,3,1452,1,1,49,0,2262,290900"
"New York,1,2307,4,2,66,1,9016,1869500"
"Austin,2,1735,3,1,52,2,2630,493000"
"New York,1,2926,4,2,57,2,10575,1804700"
"Phoenix,3,2185,4,3,19,1,6138,505500"
"Denver,2,2508,3,2,78,3,8850,806100"
"Boston,1,500,1,1,14,1,1488,345500"
"Indianapolis,3,1844,2,1,55,0,6182,277900"
"New York,1,2167,5,3,48,0,7035,1596900"
"Denver,2,2045,3,2,7,3,3944,578500"
"Chicago,2,2525,2,1,61,1,9641,674200"
"San Francisco,1,1662,2,1,6,2,4990,1559500"
"Denver,2,1932,3,2,40,0,3412,607800"
"Phoenix,3,2668,5,3,65,0,5488,387900"
"San Francisco,1,500,2,1,10,2,1346,556700"
"Austin,2,2283,4,3,28,3,8377,877600"
"Boston,1,1683,3,2,40,0,5774,732700"
"Chicago,2,1307,1,1,73,1,2674,343300"
"New York,1,2119,4,2,30,2,6628,1589700"
"Indianapolis,3,2698,4,2,9,1,3250,402300"
"Columbus,3,2575,4,3,10,1,5488,447900"
"New York,1,1812,2,2,15,1,6434,1307800"
"Seattle,2,2469,3,2,69,3,4008,952900"
"Denver,2,2464,3,2,61,1,5395,599300"
"Chicago,2,1843,3,1,33,1,2217,455100"
"Austin,2,1449,3,2,67,1,1833,472800"
"New York,1,1487,2,2,73,0,2392,1075500"
"San Francisco,1,2445,3,2,69,1,3631,1897600"
"Indianapolis,3,1873,2,1,0,1,4816,360700"
"Austin,2,1220,2,2,7,2,4538,429400"
"Columbus,3,805,1,1,58,1,1157,131900"
"Austin,2,2441,3,3,30,0,8874,1040800"
"Indianapolis,3,1545,2,1,12,2,4744,245000"
"San Francisco,1,2115,4,2,51,1,3538,1447000"
"New York,1,2706,5,3,28,1,5442,1737700"
"Indianapolis,3,1049,1,1,73,0,1829,163000"
"Indianapolis,3,1871,3,2,46,1,6380,263900"
"Boston,1,1789,3,2,19,2,5779,982000"
"Seattle,2,2147,3,2,74,2,4406,869800"
"Austin,2,2705,4,2,48,2,3658,657300"
"Seattle,2,1036,2,1,23,1,1733,487200"
"New York,1,2270,3,2,11,3,6727,1482300"
"Columbus,3,2570,4,2,44,1,3734,427900"
"Boston,1,1779,3,2,59,1,4807,997900"
"Chicago,2,1811,3,2,66,1,5281,444700"
"San Francisco,1,2172,3,2,10,0,6789,1656700"
"San Francisco,1,2124,3,1,34,1,3294,2079100"
"Chicago,2,2279,4,3,79,1,5668,515600"
"Seattle,2,2265,5,3,52,2,5657,799400"
"Chicago,2,1262,3,2,7,2,4466,505200"
"San Francisco,1,2544,3,2,73,2,6392,1844600"
"Indianapolis,3,2658,4,2,54,1,6217,377100"
"Phoenix,3,2021,3,2,36,1,3124,513400"
"Columbus,3,929,2,1,62,2,2921,141600"
"New York,1,1825,2,1,51,1,5357,1149800"
"Seattle,2,2026,2,1,20,1,6498,729300"
"Seattle,2,1156,2,1,63,0,3511,483600"
"Denver,2,1666,3,2,20,1,6082,541500"
"Boston,1,984,2,1,18,1,3598,478200"
"San Francisco,1,2295,4,2,47,2,4731,1903400"
"Seattle,2,2008,3,1,1,2,3435,880400"
"Boston,1,830,2,1,50,3,3149,395000"
"Seattle,2,2128,4,2,44,1,6802,763900"
"New York,1,1863,3,2,57,1,7301,1272100"
"Boston,1,2236,3,3,12,2,5795,894900"
"Chicago,2,1646,4,2,46,1,6410,484700"
"Seattle,2,1379,2,1,35,1,2129,678300"
"Seattle,2,1399,2,1,13,2,3991,706100"
"Denver,2,1550,2,1,36,1,4016,456200"
"Phoenix,3,1912,3,2,73,1,2309,356000"
"Seattle,2,1996,3,2,65,1,3473,659500"
"Denver,2,1776,3,2,13,1,2894,603600"
"Indianapolis,3,1625,2,1,67,1,2227,201300"
"Austin,2,1672,2,1,45,1,6445,496600"
"Columbus,3,3530,5,3,3,0,13778,647800"
"Phoenix,3,1399,2,1,73,2,5172,210100"
"San Francisco,1,1537,3,2,42,2,6100,1088400"
"Austin,2,4041,6,4,73,3,14248,1134200"
"Chicago,2,2174,2,1,7,2,8283,580200"
"Indianapolis,3,1003,2,1,13,0,1759,215300"
"Austin,2,2448,4,3,72,0,4698,822500"
"San Francisco,1,1308,1,1,19,1,4727,1100300"
"Denver,2,2491,4,3,43,1,6333,774800"
"New York,1,1763,2,1,48,2,5655,1166800"
"Phoenix,3,1614,3,3,75,1,4476,374500"
"Austin,2,2946,4,2,26,3,6056,764400"
"Chicago,2,2268,2,2,60,1,4530,599800"
"Columbus,3,2532,4,2,58,1,8343,375700"
"Chicago,2,2183,3,3,56,2,5872,610800"
"Denver,2,1611,2,1,41,1,3554,527800"
"Phoenix,3,2297,3,2,5,2,6725,550800"
"Columbus,3,2686,4,3,21,2,6381,548200"
"Columbus,3,1988,3,2,44,2,5030,280500"
"San Francisco,1,3071,3,2,32,2,9514,2608200"
"Denver,2,2453,5,3,14,1,6089,801700"
"New York,1,2038,3,1,55,1,7866,1253400"
"Columbus,3,2063,3,2,36,2,5278,439400"
"Chicago,2,1989,2,1,62,1,7743,540700"
"Austin,2,1087,2,2,43,2,3884,404100"
"New York,1,1841,2,1,29,1,6802,1390900"
"Seattle,2,2044,3,2,8,1,6821,906200"
"Chicago,2,1630,2,2,8,1,4715,463600"
"New York,1,2119,3,1,40,3,5703,1309100"
"San Francisco,1,1914,2,1,28,1,5253,1535200"
"Columbus,3,2403,3,2,57,1,4239,333500"
"Phoenix,3,2331,4,3,50,0,4197,459100"
"New York,1,2009,3,2,22,1,2603,1489100"
"Boston,1,1011,1,1,60,1,3324,486000"
"Indianapolis,3,3064,5,3,45,2,4748,530900"
"Chicago,2,1808,3,1,70,0,5117,435800"
"Denver,2,1847,2,1,76,1,2930,582200"
"Boston,1,1677,3,1,76,0,2325,788000"
"Boston,1,1583,2,1,10,0,4265,934500"
"San Francisco,1,2904,4,2,42,2,10584,2749700"
"Chicago,2,2801,4,2,2,3,6153,610200"
"San Francisco,1,2189,3,2,70,2,8261,1706000"
"San Francisco,1,1830,2,1,56,2,2249,1327400"
"Chicago,2,2302,4,2,20,0,5764,629600"
"Indianapolis,3,1948,4,2,48,2,3138,277300"
"Phoenix,3,1776,1,1,44,1,3702,316400"
"Austin,2,2120,2,1,43,2,2685,581700"
"Austin,2,1613,3,1,43,2,2095,550400"
"Austin,2,2064,3,2,78,1,6596,719000"
"Seattle,2,2033,4,2,61,1,6166,778300"
"Austin,2,2292,4,3,32,0,4087,736800"
"Austin,2,1498,3,2,61,1,5577,473700"
"Denver,2,2362,3,2,11,1,7384,675600"
"Columbus,3,1311,2,2,22,3,2807,261400"
"Indianapolis,3,1528,1,1,9,0,3578,255300"
"San Francisco,1,1556,3,2,70,1,3142,1342600"
"Seattle,2,1203,2,1,1,1,4241,513200"
"New York,1,2560,3,2,71,0,6613,1567300"
"Seattle,2,1270,3,2,66,1,2005,598500"
"Boston,1,1446,4,3,75,1,2552,584700"
"New York,1,2716,4,3,61,1,5515,1980700"
"Phoenix,3,1529,3,2,36,1,3561,317900"
"Austin,2,1778,2,1,64,0,5084,593600"
"Columbus,3,1242,2,1,78,1,4843,188000"
"San Francisco,1,2441,3,1,71,2,4719,1848100"
"San Francisco,1,2450,4,2,62,2,5193,2173100"
"Seattle,2,2380,4,2,61,1,3016,902300"
"San Francisco,1,2249,5,3,52,2,5045,1959200"
"Boston,1,1948,2,1,71,3,6020,905200"
"Indianapolis,3,1559,2,1,34,1,6075,226300"
"New York,1,1370,3,2,40,0,4483,943000"
"New York,1,2738,4,3,67,0,4190,1646900"
"Denver,2,2397,4,2,20,1,8850,649800"
"Austin,2,1449,2,2,61,2,5141,530000"
"Denver,2,1926,2,1,8,2,3331,676300"
"Seattle,2,1705,1,1,46,1,6507,766200"
"Phoenix,3,1167,1,1,2,1,3734,345900"
"New York,1,2015,2,1,79,2,6835,1398300"
"Austin,2,1630,3,2,67,1,4052,493100"
"Chicago,2,1281,1,1,19,0,2257,343100"
"Columbus,3,939,1,1,12,0,3228,220300"
"Seattle,2,884,1,1,51,2,2243,417000"
"Denver,2,1659,3,2,72,2,6485,518600"
"San Francisco,1,1845,2,1,25,2,3006,1284000"
"New York,1,1331,1,1,76,2,2922,776000"
"San Francisco,1,2323,4,2,36,0,7572,1916400"
"Chicago,2,1857,4,3,35,1,5204,407900"
"Boston,1,2275,4,3,27,2,5490,803300"
"Chicago,2,1781,2,1,21,3,5636,557600"
"San Francisco,1,1388,2,2,26,1,4516,1084100"
"Columbus,3,1974,2,1,13,0,5560,354900"
"Phoenix,3,1079,2,1,30,3,2259,318300"
"San Francisco,1,2251,3,2,23,1,6601,1550300"
"San Francisco,1,1291,1,1,4,1,3520,876400"
"San Francisco,1,2497,3,2,29,0,8573,1852800"
"Columbus,3,1680,2,1,3,0,5090,284100"
"New York,1,2591,5,2,14,2,6713,1765000"
"Denver,2,1170,3,1,57,2,1465,399800"
"Austin,2,1459,2,2,2,1,2433,581500"
"Phoenix,3,2148,3,2,24,1,4602,446900"
"Austin,2,2661,4,2,54,1,7674,961600"
"Austin,2,2983,5,3,1,1,10198,1140100"
"Indianapolis,3,1927,3,2,58,1,7492,280600"
"New York,1,3095,5,3,6,1,8912,2252900"
"Phoenix,3,1712,3,2,4,2,5548,338600"
"San Francisco,1,2614,4,2,15,3,7685,2346300"
"Austin,2,1288,3,2,68,1,3097,435800"
"Columbus,3,2173,3,3,3,2,6317,352800"
"Chicago,2,500,1,1,7,2,1161,220500"
"Chicago,2,1171,2,1,75,0,2893,314900"
"Boston,1,2203,4,2,48,3,8263,974100"
"Seattle,2,1047,1,1,45,1,2909,477200"
"Seattle,2,2178,4,2,3,1,3226,1044700"
"Austin,2,2489,3,2,31,1,6637,827100"
"Austin,2,1574,2,1,46,1,6090,482200"
"Seattle,2,1270,2,1,42,2,1880,543200"
"Boston,1,1592,2,1,41,2,6240,650300"
"Boston,1,1272,3,1,9,0,5044,651700"
"Seattle,2,1834,3,2,79,1,5080,618500"
"New York,1,1966,2,1,56,3,4189,1256800"
"Columbus,3,1701,3,2,19,2,2082,264900"
"Denver,2,2988,4,2,77,2,3715,827500"
"New York,1,1432,2,1,24,1,3275,1131000"
"Chicago,2,2804,6,4,10,1,9513,924500"
"Columbus,3,1223,2,2,71,1,4695,175600"
"New York,1,1947,3,2,12,2,3180,1246200"
"New York,1,2669,4,3,4,2,6848,2031400"
"San Francisco,1,2635,4,3,50,3,6864,2199300"
"San Francisco,1,1627,2,1,21,0,3685,1181400"
"Phoenix,3,2261,3,2,12,3,6132,469200"
"Indianapolis,3,2174,4,3,8,3,8240,392600"
"San Francisco,1,1549,2,2,10,2,3761,1020100"
"Phoenix,3,2300,3,2,76,2,3647,439400"
"San Francisco,1,3111,5,3,53,1,9530,2646200"
"Denver,2,2207,3,2,67,1,2842,592600"
"Phoenix,3,2268,3,2,49,1,8692,379200"
"Seattle,2,2337,5,4,43,0,8955,1181000"
"San Francisco,1,950,1,1,17,0,1385,824500"
"Denver,2,2199,4,2,77,2,6031,702500"
"Indianapolis,3,1239,1,1,65,1,4253,147500"
"Boston,1,1517,2,1,42,0,3794,593700"
"New York,1,3305,5,3,8,0,8397,2292300"
"New York,1,1735,2,1,60,2,6795,1280300"
"Denver,2,1419,3,2,26,3,2619,440700"
"Denver,2,2649,5,3,16,1,7083,848100"
"Phoenix,3,1284,2,2,59,2,1954,216300"
"Phoenix,3,1609,3,1,66,3,3293,292000"
"Columbus,3,2712,4,2,49,2,9716,429500"
"Phoenix,3,1928,4,3,5,2,6181,494900"
"Boston,1,885,1,1,48,2,2579,343300"
"Denver,2,2254,4,2,73,3,3424,762700"
"Boston,1,1642,2,1,54,1,5882,747200"
"Seattle,2,2901,3,2,21,2,5903,1358700"
"Indianapolis,3,1506,2,1,51,1,4063,238600"
"Chicago,2,2583,5,2,19,1,4788,760500"
"Indianapolis,3,3054,4,1,69,2,8118,494100"
"Seattle,2,1347,3,1,67,2,3737,505700"
"Denver,2,1774,4,3,45,2,3820,598500"
"Austin,2,2153,3,3,10,3,5633,701900"
"San Francisco,1,1343,2,1,32,2,3139,1080500"
"New York,1,2076,2,1,9,1,6546,1538900"
"Austin,2,1754,2,1,61,3,4776,653000"
"San Francisco,1,1741,3,2,54,1,6370,1297700"
"Indianapolis,3,1932,3,2,20,0,2587,250400"
"New York,1,1946,3,1,68,1,2480,1202700"
"New York,1,2007,3,3,60,1,3468,1162600"
"Phoenix,3,1511,4,3,74,2,2315,289700"
"San Francisco,1,1539,2,1,22,2,4113,1356300"
"Columbus,3,1823,4,2,13,0,3209,348900"
"Chicago,2,1871,3,2,38,2,2329,552100"
"San Francisco,1,1615,4,3,21,2,3216,1317100"
"Chicago,2,2111,2,1,59,3,5543,596100"
"Chicago,2,720,1,1,34,1,2304,239900"
"Phoenix,3,1425,2,1,50,2,3459,284800"
"Phoenix,3,1718,3,2,13,2,6693,358500"
"Chicago,2,1344,3,2,6,1,2363,321000"
"Denver,2,2959,5,3,75,1,7810,695400"
"Seattle,2,1912,4,3,35,0,3650,834400"
"Chicago,2,2015,3,2,11,0,6969,512200"
"Indianapolis,3,1586,2,1,64,1,2737,169000"
"Denver,2,1890,3,1,10,2,7357,619600"
"Chicago,2,1110,2,1,79,1,3559,285800"
"Austin,2,1790,3,2,30,2,4939,675600"
"Phoenix,3,1291,1,1,37,0,3474,265100"
"Indianapolis,3,1720,3,2,20,0,3810,274800"
"New York,1,500,1,1,6,2,629,461700"
"New York,1,1167,3,1,32,2,4391,940700"
"Denver,2,2852,4,2,29,2,9770,875900"
"Austin,2,2440,4,2,35,2,3849,799200"
"Denver,2,2757,5,3,39,3,4251,960100"
"San Francisco,1,2802,4,3,50,3,5780,2326000"
"Seattle,2,2337,4,3,5,2,7798,1035800"
"Denver,2,1606,4,2,29,1,4190,527900"
"Denver,2,1226,2,1,69,0,3717,343600"
"Chicago,2,2645,5,3,76,2,3220,486800"
"Chicago,2,1942,3,2,43,1,7353,601900"
"Chicago,2,3521,6,3,29,0,5859,809300"
"Phoenix,3,1663,3,2,33,1,3481,394600"
"Chicago,2,3182,5,3,62,3,12257,837400"
"Denver,2,1798,3,2,31,0,5847,681900"
"Denver,2,2768,3,2,75,2,7283,835000"
"San Francisco,1,3003,5,4,2,3,10859,2729300"
"Boston,1,1235,2,1,48,2,1694,553500"
"Austin,2,1585,2,1,41,0,2241,430900"
"Columbus,3,1229,3,2,36,2,2009,245700"
"Chicago,2,1101,1,1,38,2,2137,245200"
"San Francisco,1,2334,3,1,12,1,7434,1727700"
"Denver,2,1772,3,2,27,2,4768,511700"
"New York,1,1934,2,1,28,0,4628,1135200"
"Chicago,2,2262,2,1,52,2,7671,615600"
"Phoenix,3,693,2,1,47,3,1447,200600"
"Denver,2,2736,4,2,32,1,3938,796800"
"Denver,2,1673,3,1,41,3,3866,565200"
"Seattle,2,2246,3,2,45,1,7515,863300"
"Austin,2,2303,3,2,3,2,5821,1061000"
"Columbus,3,2791,3,2,70,2,10985,447400"
"Chicago,2,1832,3,2,71,0,6590,427900"
"Austin,2,520,1,1,29,3,1776,298600"
"Seattle,2,1937,3,2,60,3,6518,934900"
"San Francisco,1,2030,3,1,31,1,5739,1424400"
"New York,1,1228,2,2,5,2,4572,807700"
"New York,1,1996,3,2,69,1,5692,1086100"
"Seattle,2,1665,3,2,21,0,3735,670200"
"Indianapolis,3,1027,2,1,28,1,1796,180900"
"Austin,2,2336,3,1,46,1,8121,611200"
"New York,1,1534,2,1,35,0,3435,963800"
"San Francisco,1,1636,3,2,21,1,5586,1324300"
"Seattle,2,1599,1,1,64,3,6320,682600"
"Phoenix,3,2703,5,3,28,1,6261,595900"
"Seattle,2,1873,3,2,47,2,4035,819200"
"Phoenix,3,1951,3,2,53,1,3270,458300"
"Phoenix,3,1614,2,1,74,0,4085,320900"
"New York,1,2201,3,1,38,2,6672,1494300"
"Denver,2,2777,4,3,37,1,5765,743800"
"Indianapolis,3,2321,4,2,73,1,5941,287000"
"Seattle,2,2346,3,2,38,3,6343,813800"
"San Francisco,1,2294,3,1,23,1,4521,1778400"
"Indianapolis,3,1003,2,1,3,1,1270,207800"
"Columbus,3,1331,2,2,25,2,2401,287000"
"Austin,2,1767,2,2,15,0,6094,656700"
"Denver,2,1428,3,1,24,2,2825,554100"
"New York,1,1208,3,2,43,1,1496,958000"
"Phoenix,3,683,2,2,41,1,1632,165900"
"Austin,2,1025,2,2,14,1,3189,408200"
"San Francisco,1,1733,3,2,37,1,5731,1384500"
"Chicago,2,1855,3,1,36,2,4376,459000"
"Indianapolis,3,1385,2,1,3,3,3880,256000"
"Phoenix,3,1951,3,2,22,2,6414,451500"
"Boston,1,1618,2,1,57,1,5970,738200"
"San Francisco,1,2609,4,3,1,3,7805,2133600"
"Indianapolis,3,1795,3,1,24,2,5626,260300"
"Indianapolis,3,2353,4,3,38,0,3474,358700"
"Denver,2,2032,3,1,13,0,4831,677500"
"Chicago,2,989,3,1,51,1,3649,269600"
"Austin,2,1841,2,1,57,0,3038,471900"
"Seattle,2,1097,1,1,27,1,2268,568300"
"New York,1,1830,3,1,18,1,5670,1532500"
"San Francisco,1,1416,2,1,62,3,5276,1145800"
"New York,1,2148,3,2,17,1,2933,1374100"
"Phoenix,3,1027,1,1,11,1,3736,298400"
"New York,1,1910,2,1,2,3,3470,1414400"
"New York,1,2272,2,1,7,1,8203,1507000"
"Denver,2,2490,4,2,69,0,9188,813500"
"New York,1,1403,2,2,74,0,4730,808200"
"New York,1,1912,3,1,43,2,7240,1184600"
"Denver,2,2020,4,3,73,1,7860,653700"
"Seattle,2,2906,5,3,56,2,11015,1216700"
"Chicago,2,937,1,1,32,2,2471,318200"
"Columbus,3,1308,2,1,57,2,3268,252000"
"New York,1,3723,6,4,33,2,5564,1951600"
"Columbus,3,1722,3,2,76,2,3108,266400"
"Columbus,3,671,1,1,68,2,2031,152500"
"Phoenix,3,1521,2,1,67,0,2368,249200"
"Chicago,2,5000,1,1,42,1,1919,167600"
"Chicago,2,2057,3,1,41,1,3776,381700"
"Chicago,2,2426,5,3,9,1,3508,684200"
"Chicago,2,1307,2,2,52,1,2429,379800"
"San Francisco,1,1594,2,1,9,2,2131,1388100"
"Indianapolis,3,2500,4,2,43,1,4163,305900"
"Denver,2,762,1,1,10,1,2168,319100"
"Phoenix,3,1041,1,1,38,1,2092,235200"
"Seattle,2,1752,2,1,62,3,6033,723400"
"San Francisco,1,1411,3,1,24,1,3292,1004300"
"Austin,2,1709,3,1,48,2,5467,591500"
"Austin,2,1079,2,1,20,2,3435,395900"
"Austin,2,2039,2,1,23,1,3222,520300"
"Seattle,2,1803,3,2,14,2,2449,864600"
"Boston,1,2257,4,2,12,3,8029,1173400"
"Austin,2,2030,3,2,29,2,6420,768800"
"Seattle,2,2034,3,3,9,3,3437,860500"
"Indianapolis,3,960,2,1,71,1,2980,152600"
"New York,1,2220,3,2,59,3,4712,1614500"
"Boston,1,1685,3,2,17,2,2290,1034000"
"Boston,1,1792,4,2,70,2,3298,903200"
"Denver,2,2581,4,2,29,2,8559,860000"
"Austin,2,1432,2,1,42,2,3285,415200"
"Chicago,2,2778,4,3,55,1,7572,696000"
"Indianapolis,3,2839,5,3,61,1,4492,318500"
"Boston,1,2389,3,2,0,1,3487,1034800"
"Chicago,2,1263,2,1,22,2,2362,469900"
"San Francisco,1,500,1,1,26,1,1262,444000"
"Boston,1,2601,4,2,46,2,9290,879200"
"Austin,2,1972,3,2,69,1,6582,697600"
"San Francisco,1,1416,2,2,35,1,2334,1039700"
"Denver,2,2663,5,3,37,0,3729,873200"
"Chicago,2,1340,1,1,7,1,2454,341700"
"Phoenix,3,1624,3,2,42,2,5825,344700"
"Austin,2,2241,5,3,38,1,5926,890600"
"Denver,2,1176,2,1,50,0,4068,315300"
"Seattle,2,1829,2,1,67,1,4088,681900"
"San Francisco,1,2608,3,2,45,1,7441,2024600"
"San Francisco,1,2037,3,2,4,1,5837,1517100"
"Chicago,2,2711,4,3,65,1,8011,701700"
"Indianapolis,3,2637,4,2,38,2,6636,386400"
"San Francisco,1,1905,2,1,38,2,3562,1543300"
"Denver,2,500,1,1,69,3,1200,231600"
"Phoenix,3,1181,1,1,47,0,4641,324300"
"Phoenix,3,2396,4,2,63,1,4701,471000"
"Denver,2,892,3,1,70,0,2881,276800"
"Denver,2,1688,2,1,39,2,6491,578300"
"Chicago,2,2120,3,2,78,0,5905,490500"
"Columbus,3,2855,4,2,13,1,7338,385000"
"New York,1,1526,3,2,69,1,2348,972700"
"Indianapolis,3,1482,2,1,67,1,4904,234000"
"San Francisco,1,1866,2,2,7,1,7002,1269700"
"Phoenix,3,2128,3,1,12,2,8397,416400"
"San Francisco,1,1800,2,1,2,2,3176,1357800"
"New York,1,2582,4,2,22,1,9750,1829000"
"San Francisco,1,1381,4,2,79,1,3089,1345600"
"Austin,2,1978,3,2,9,1,5803,648200"
"Seattle,2,2189,3,2,2,0,3998,943800"
"New York,1,1640,2,2,36,0,3109,1089300"
"Austin,2,2446,3,2,28,1,7174,792000"
"Seattle,2,1997,4,3,50,1,5107,836100"
"Phoenix,3,2413,4,2,48,0,9411,455300"
"Columbus,3,2026,3,1,66,2,3931,404200"
"Chicago,2,2145,4,3,33,2,7847,674000"
"New York,1,1489,0,1,36,0,3707,936400"
"Boston,1,1490,3,2,1,1,2349,908800"
"Columbus,3,2696,4,2,77,3,5040,411500"
"San Francisco,1,2313,3,1,17,1,7670,1820700"
"Seattle,2,1235,1,1,47,2,4340,525200"
"Indianapolis,3,2018,3,2,70,1,2645,255600"
"Indianapolis,3,500,1,1,48,3,1174,98600"
"Seattle,2,1527,2,2,50,0,3945,501400"
"Chicago,2,2525,4,2,14,1,7378,723500"
"Austin,2,1819,2,1,56,3,5497,590500"
"Phoenix,3,1977,4,3,15,2,6970,517400"
"San Francisco,1,500,1,1,55,1,983,390200"
"New York,1,1645,2,1,46,2,2490,932800"
"Denver,2,2120,3,2,39,2,3651,716500"
"New York,1,2202,4,2,57,1,8419,1402300"
"Chicago,2,2526,3,2,57,1,6898,691700"
"Seattle,2,1763,2,1,16,1,3197,752800"
"Columbus,3,1792,3,2,30,3,6094,415200"
"Phoenix,3,1034,3,2,38,1,2940,281300"
"Austin,2,1767,2,1,12,1,3938,652000"
"Phoenix,3,1080,2,1,28,0,1351,263800"
"Boston,1,699,1,1,3,0,2371,425100"
"Austin,2,1195,1,1,35,1,3835,345000"
"New York,1,2881,5,3,16,1,5572,2002400"
"Columbus,3,1724,2,1,17,0,3351,361000"
"Phoenix,3,2043,3,2,65,0,4005,270800"
"Columbus,3,1566,1,1,11,0,4819,296800"
"Columbus,3,736,1,2,9,0,1489,147600"
"Indianapolis,3,2508,4,2,25,1,5189,370000"
"New York,1,500,1,1,1,2,1127,514200"
"Indianapolis,3,1539,3,2,69,0,6071,244700"
"Denver,2,1865,3,2,78,1,4641,550900"
"Austin,2,2050,3,1,64,1,4626,739100"
"Denver,2,1428,2,1,63,2,3593,495000"
"Seattle,2,705,1,1,8,2,2266,399800"
"Boston,1,1379,1,1,44,3,5067,778400"
"Boston,1,1413,2,1,7,1,5616,727200"
"San Francisco,1,1397,2,2,24,0,3578,1074500"
"Austin,2,2531,5,3,39,0,6298,722400"
"Columbus,3,1111,2,2,54,0,2361,221600"
"Chicago,2,2096,3,2,22,3,7088,584300"
"Austin,2,2003,2,1,20,1,6080,487100"
"Austin,2,2524,4,3,65,2,5597,864900"
"Austin,2,1813,3,3,17,3,4808,656400"
"New York,1,2414,4,2,38,2,4288,1526200"
"Phoenix,3,1788,3,2,22,1,5620,388400"
"New York,1,2182,3,2,68,2,4159,1321100"
"Chicago,2,923,2,1,42,1,2011,366700"
"Phoenix,3,500,1,1,8,0,695,200300"
"Denver,2,2145,4,2,11,1,3895,759300"
"Columbus,3,2180,3,2,77,3,3806,337000"
"Boston,1,2209,4,3,75,2,7199,1161900"
"Columbus,3,1559,2,1,61,1,4902,253400"
"Chicago,2,2868,4,3,6,2,7763,873200"
"Phoenix,3,1601,2,1,58,1,3656,325200"
"Chicago,2,2174,4,2,52,2,8023,597700"
"Columbus,3,2287,4,2,75,1,8406,396000"
"Indianapolis,3,3017,5,3,38,1,8713,419500"
"Austin,2,1694,4,2,37,1,5154,613200"
"Phoenix,3,1475,3,2,50,2,5059,290100"
"Phoenix,3,926,3,2,11,3,2985,257900"
"Austin,2,2909,5,3,59,1,5323,639000"
"Indianapolis,3,2174,4,3,39,1,5673,354200"
"Seattle,2,2194,4,2,15,0,3566,1002300"
"Denver,2,3926,6,3,65,2,13609,1310600"
"San Francisco,1,2111,3,2,21,1,6396,1454300"
"New York,1,1053,2,1,68,1,4150,740600"
"Columbus,3,1773,3,2,21,0,2805,307900"
"Seattle,2,1266,2,1,39,0,3328,586000"
"Seattle,2,1643,3,2,34,3,5302,691000"
"Boston,1,1638,3,2,58,1,5944,752200"
"Austin,2,1518,1,1,14,1,5449,451800"
"Phoenix,3,994,3,3,19,1,1755,253200"
"Columbus,3,2935,4,2,15,1,11595,503600"
"San Francisco,1,2094,3,2,18,0,8267,1711100"
"Denver,2,1753,2,1,36,0,6860,439300"
"Austin,2,2392,3,2,46,2,6980,742700"
"Denver,2,2206,3,2,69,1,7786,665200"
"Austin,2,2079,3,2,33,1,2937,805300"
"Seattle,2,2345,3,2,32,1,4491,855700"
"Austin,2,1987,3,2,12,1,2896,735900"
"Denver,2,2336,5,2,7,1,6110,723700"
"Austin,2,2390,4,3,60,2,9324,768000"
"Austin,2,2006,4,2,50,1,6053,606200"
"Phoenix,3,1757,2,1,42,2,4378,312100"
"Phoenix,3,2895,5,4,35,1,9901,571500"
"Seattle,2,1589,3,3,41,1,4355,793400"
"Phoenix,3,2154,3,1,67,0,5345,349200"
"Columbus,3,2169,3,2,15,2,6425,348400"
"New York,1,1504,3,2,39,1,3960,1072300"
"Denver,2,1375,3,2,19,2,4120,509200"
"Boston,1,1670,3,2,8,0,5757,861200"
"Chicago,2,1580,2,2,55,2,3942,437400"
"New York,1,952,1,1,56,0,2249,547800"
"Chicago,2,1477,1,2,68,1,4083,330700"
"Boston,1,2073,3,2,1,2,7739,1203700"
"Austin,2,2723,4,2,14,0,6493,891700"
"Indianapolis,3,2260,3,2,45,1,8077,358900"
"Seattle,2,500,1,1,64,1,1464,267100"
"Columbus,3,2317,4,2,75,2,2861,374300"
"Indianapolis,3,1537,3,2,63,2,3894,195100"
"Columbus,3,2195,3,2,72,0,3928,308600"
"New York,1,1891,3,2,65,0,3065,1326900"
"Phoenix,3,1775,3,2,25,1,3295,405800"
"San Francisco,1,1834,4,2,46,1,5859,1480100"
"Seattle,2,1885,3,2,50,1,5573,627300"
"Columbus,3,2774,5,3,28,1,7499,434000"
"Chicago,2,1887,4,3,70,1,4881,496500"
"Denver,2,2606,4,3,61,1,5967,637800"
"Seattle,2,2511,5,4,41,0,9246,1174600"
"Phoenix,3,2334,4,3,38,1,8895,490600"
"Chicago,2,739,2,2,63,1,2469,174400"
"Austin,2,2626,4,3,17,1,5270,833700"
"Columbus,3,1602,4,2,17,2,6022,317100"
"New York,1,2365,3,2,32,1,8262,1555900"
"New York,1,1268,3,3,10,1,1962,1143200"
"Chicago,2,1130,2,1,36,2,2437,360400"
"Indianapolis,3,3185,6,4,34,1,6744,391700"
"Boston,1,1278,2,1,40,1,4146,520900"
"Boston,1,2645,5,3,36,2,7054,1226000"
"New York,1,1977,4,2,71,2,3850,1287400"
"Columbus,3,1627,2,1,21,3,3004,333100"
"New York,1,1871,3,2,32,2,4642,1552900"
"Austin,2,1054,1,1,59,2,3230,443300"
"Indianapolis,3,1891,3,1,22,1,4963,279600"
"San Francisco,1,1196,1,1,52,1,2309,1013200"
"Denver,2,1643,2,1,76,0,4824,478500"
"Austin,2,2501,6,4,30,1,9996,791800"
"Phoenix,3,2065,4,3,19,3,3499,360400"
"Seattle,2,937,1,1,15,0,2511,459700"
"Seattle,2,2453,4,3,0,2,5524,892000"
"New York,1,1895,3,2,22,1,3433,1159700"
"Phoenix,3,1548,2,1,67,1,5652,273700"
"Phoenix,3,2385,4,2,20,2,9258,537500"
"New York,1,1791,3,2,76,1,3905,1299000"
"Seattle,2,1142,1,1,76,1,2481,432900"
"Columbus,3,3101,4,3,54,1,4518,430900"
"San Francisco,1,1889,3,2,78,0,5534,1033600"
"Boston,1,1847,3,2,32,0,2354,911400"
"Denver,2,1637,2,1,76,2,4239,472100"
"Seattle,2,2667,4,3,43,2,4342,1006900"
"Boston,1,1559,2,1,6,2,4806,933100"
"Austin,2,896,2,1,66,2,3406,278500"
"New York,1,1459,2,1,76,2,2113,830500"
"Austin,2,2762,5,3,70,0,9329,855600"
"Chicago,2,2441,3,2,33,2,8606,616300"
"Denver,2,1734,3,2,8,2,2936,641100"
"San Francisco,1,2793,4,3,46,1,10567,2267300"
"Columbus,3,2386,4,2,69,1,7011,412500"
"New York,1,1727,2,1,67,2,4659,1164400"
"Phoenix,3,1792,4,2,49,3,5519,388400"
"Seattle,2,2114,2,2,62,3,4242,805100"
"Phoenix,3,1359,3,2,2,1,1727,356100"
"New York,1,1903,3,1,49,2,4639,1218400"
"New York,1,2101,4,2,8,1,6894,1493400"
"Austin,2,803,2,1,59,2,3029,327000"
"San Francisco,1,1777,3,2,3,2,4272,1517800"
"New York,1,1703,2,1,47,3,3301,1170300"
"Chicago,2,2568,4,2,75,3,4026,563100"
"Phoenix,3,701,2,2,8,1,2677,270900"
"San Francisco,1,1652,2,1,34,3,3051,1132800"
"Columbus,3,1587,4,2,3,2,5953,357600"
"Phoenix,3,2524,4,3,57,1,4327,452100"
"Columbus,3,1872,3,2,74,0,2341,300800"
"Chicago,2,3067,4,2,0,2,5606,902700"
"Chicago,2,2330,3,2,43,1,6011,600300"
"Austin,2,1633,1,1,63,1,3554,594400"
"Chicago,2,2056,3,2,2,1,7693,594600"
"Columbus,3,1670,2,1,38,0,4553,301000"
"San Francisco,1,2459,3,2,10,1,3762,1731900"
"Boston,1,1034,2,1,73,2,3051,511800"
"San Francisco,1,1365,2,1,40,0,3125,937500"
"Indianapolis,3,2196,3,2,41,2,6810,333900"
"Austin,2,2697,4,2,79,1,9173,832200"
"Chicago,2,500,1,1,63,2,1980,184300"
"Columbus,3,2793,4,3,25,1,7861,431300"
"Indianapolis,3,1809,2,1,50,2,4028,353500"
"New York,1,675,1,1,23,2,1630,471200"
"Phoenix,3,500,1,1,41,2,1164,154300"
"Columbus,3,906,1,1,64,1,2230,154000"
"San Francisco,1,1887,3,2,75,1,2423,1450000"
"Phoenix,3,1857,3,2,76,0,3514,311300"
"Seattle,2,2312,4,2,39,1,9169,1007200"
"Chicago,2,1543,2,1,71,1,5861,360800"
"Austin,2,1180,2,1,71,2,1576,463200"
"Boston,1,1631,2,2,43,0,6431,726900"
"New York,1,1922,2,1,2,1,6568,1322600"
"New York,1,2050,3,2,9,1,2476,1283400"
"San Francisco,1,1387,3,2,52,1,5212,1013700"
"Chicago,2,2486,4,3,66,2,9668,545600"
"Seattle,2,1496,2,2,72,1,4429,645800"
"New York,1,1335,3,2,19,1,4549,920200"
"Chicago,2,1547,2,1,71,1,3297,336100"
"Chicago,2,2599,6,4,66,2,7284,612600"
"Denver,2,1814,2,2,38,2,5892,611800"
"Indianapolis,3,1449,2,2,29,1,4016,243600"
"Seattle,2,2502,4,2,37,1,5136,1014900"
"Phoenix,3,3293,5,3,54,2,9937,582500"
"San Francisco,1,2036,3,2,64,2,7223,1637100"
"Chicago,2,2702,6,4,13,0,9567,713800"
"Indianapolis,3,2573,4,2,26,1,4040,374700"
"Columbus,3,1506,3,1,9,1,3685,285700"
"Denver,2,1917,3,1,74,2,2508,428300"
"Chicago,2,1066,1,1,32,0,3168,381400"
"Seattle,2,1767,3,3,20,2,3319,856200"
"Chicago,2,1493,1,1,16,2,5681,456000"
"Phoenix,3,1638,2,1,5,2,4801,397200"
"Indianapolis,3,1413,2,1,37,3,3281,290700"
"Austin,2,1713,4,2,61,1,5564,661700"
"San Francisco,1,2246,3,2,25,2,3999,1817400"
"Denver,2,1822,3,2,32,2,2653,537400"
"New York,1,688,1,1,50,2,994,475100"
"Boston,1,1415,3,2,28,1,4007,575800"
"Seattle,2,912,1,1,59,0,3364,362600"
"Chicago,2,2059,4,3,25,3,3755,642300"
"New York,1,2227,3,2,35,0,7412,1585500"
"New York,1,2067,4,3,78,3,2698,1425900"
"San Francisco,1,1388,2,1,66,1,3039,963800"
"Columbus,3,2060,3,2,45,1,6243,364300"
"Chicago,2,1594,2,1,31,3,5601,510800"
"San Francisco,1,1160,1,1,79,2,4455,635800"
"San Francisco,1,2382,3,2,37,1,7077,1890100"
"Denver,2,2432,3,1,27,1,6069,923300"
"Boston,1,2517,4,3,47,1,3448,1103000"
"Denver,2,1505,2,2,33,0,2968,336600"
"Austin,2,2667,4,2,71,1,10094,765100"
"Indianapolis,3,1579,1,1,16,1,4472,199400"
"Boston,1,2325,3,2,4,1,5021,1043800"
"Chicago,2,1568,3,1,34,1,2974,365800"
"San Francisco,1,1754,3,3,75,3,2663,1484600"
"Indianapolis,3,500,1,1,4,2,1652,164500"
"Indianapolis,3,1704,3,1,64,1,4012,243900"
"Chicago,2,1959,2,1,0,3,7488,674700"
"Austin,2,1633,4,3,44,1,4037,549400"
"New York,1,3042,6,4,36,1,10621,2072200"
"Phoenix,3,1144,2,2,12,1,1790,364600"
"Chicago,2,1534,4,2,59,2,2489,447300"
"New York,1,1312,2,1,14,1,2578,1009100"
"Austin,2,1534,1,1,34,1,2662,463600"
"Austin,2,2570,3,2,44,3,10113,829900"
"Phoenix,3,2861,4,3,41,2,9907,514400"
"Chicago,2,1444,4,2,2,2,3142,572100"
"Chicago,2,1430,2,2,35,2,3797,340700"
"Chicago,2,1148,1,1,52,2,3092,350900"
"Boston,1,2749,4,2,42,0,7973,1335400"
"Seattle,2,2629,5,3,58,2,3918,846900"
"San Francisco,1,1831,4,2,62,1,3986,1578700"
"Phoenix,3,993,1,1,14,0,1431,229000"
"Austin,2,1051,1,1,64,3,3966,314100"
"Austin,2,2011,2,1,71,0,4685,620300"
"Boston,1,2257,5,3,67,0,7303,939000"
"New York,1,557,1,1,68,1,2105,384900"
"Denver,2,1691,3,2,16,2,3494,548500"
"New York,1,2952,6,4,52,3,4269,1731500"
"San Francisco,1,1759,4,3,36,0,3767,1203800"
"Phoenix,3,2868,4,2,78,1,8830,570900"
"Seattle,2,2322,4,3,66,2,6036,978000"
"Seattle,2,1195,1,1,12,2,1685,576500"
"Austin,2,1710,2,1,75,1,2388,482800"
"Phoenix,3,1816,2,2,55,1,5736,363700"
"Seattle,2,1281,1,1,43,1,4179,496900"
"Phoenix,3,1270,1,1,35,0,1913,233500"
"Indianapolis,3,2879,5,3,39,2,9861,528800"
"Chicago,2,1265,1,1,61,1,2742,350000"
"Austin,2,2601,5,3,61,2,3618,777100"
"Phoenix,3,1616,2,1,44,2,3450,270000"
"Austin,2,1883,4,2,79,2,6111,489500"
"Seattle,2,2265,3,2,18,2,6877,905600"
"Austin,2,1511,1,1,34,0,3850,508900"
"Boston,1,2269,4,3,47,1,4499,1073200"
"San Francisco,1,570,2,1,13,1,1351,608100"
"Seattle,2,2186,3,2,39,2,4959,941000"
"New York,1,500,1,1,66,2,1146,326600"
"Seattle,2,1753,2,1,54,1,4507,821400"
"Denver,2,2455,4,2,56,2,6076,720200"
"Indianapolis,3,2304,4,2,12,1,3426,366700"
"San Francisco,1,1056,1,1,11,0,2125,823900"
"Chicago,2,1140,1,1,35,1,1780,330200"
"Austin,2,1452,2,1,25,3,4190,680200"
"San Francisco,1,2021,4,3,0,1,4818,1485400"
"Boston,1,579,1,1,44,1,1784,286400"
"New York,1,1891,3,2,60,2,2733,1091700"
"New York,1,2102,3,2,58,0,4552,1273200"
"Boston,1,1716,2,1,8,0,2926,780000"
"Seattle,2,2241,4,3,62,0,3267,765300"
"Austin,2,2045,2,1,30,0,6883,674000"
"San Francisco,1,1548,3,1,12,1,2425,1499200"
"New York,1,641,1,1,37,1,1083,486400"
"San Francisco,1,1987,3,2,17,2,4425,1580700"
"Denver,2,1281,1,1,53,2,2587,413200"
"Seattle,2,1524,2,1,59,3,5754,697000"
"Denver,2,2211,3,2,58,1,8774,787300"
"New York,1,2821,4,2,9,1,6722,1932100"
"San Francisco,1,1875,3,2,27,0,3306,1456200"
"Indianapolis,3,2260,4,2,39,1,5864,296300"
"San Francisco,1,961,3,2,78,2,2487,839900"
"New York,1,2060,3,2,43,1,5160,1219200"
"New York,1,1861,2,1,52,2,2339,1055300"
"Indianapolis,3,2699,5,4,27,2,4209,424500"
"Denver,2,1549,2,1,23,0,2470,580300"
"Denver,2,1743,4,2,63,3,3808,601400"
"Indianapolis,3,2588,5,3,66,0,7314,358400"
"San Francisco,1,1840,2,1,4,3,6731,1357500"
"Indianapolis,3,1179,2,1,43,2,2152,227500"
"New York,1,3559,5,3,62,0,11956,2232500"
"Chicago,2,1199,2,1,12,1,2198,357100"
"Austin,2,1858,3,1,51,1,2399,626600"
"Seattle,2,2125,4,2,37,2,6417,861600"
"Indianapolis,3,20740,4,2,40,1,3735,279300"
"New York,1,1777,3,2,47,2,6708,1127800"
"Indianapolis,3,1780,4,2,69,1,6788,243900"
"Seattle,2,1747,2,1,6,3,2610,674700"
"Chicago,2,1175,1,1,16,1,2051,298700"
"Indianapolis,3,3298,4,3,27,2,5901,522800"
"San Francisco,1,1757,4,2,64,2,6592,1493500"
"Indianapolis,3,2288,3,2,47,1,3245,283200"
"Denver,2,1682,3,2,15,0,5556,638200"
"Chicago,2,1669,2,1,1,1,3347,502400"
"New York,1,1604,2,1,79,2,4541,965000"
"Denver,2,893,1,1,11,2,1515,302800"
"Chicago,2,1796,3,2,2,1,6211,569800"
"Austin,2,1635,2,1,32,2,5033,706300"
"New York,1,2661,4,2,44,3,3351,1715400"
"Boston,1,1122,2,1,20,2,2091,677700"
"Columbus,3,1525,2,1,13,0,3821,268900"
"San Francisco,1,1316,1,1,6,0,3536,1211400"
"Chicago,2,2838,3,2,32,3,9979,745300"
"Indianapolis,3,1335,4,3,76,2,3048,151200"
"San Francisco,1,2265,5,3,11,2,8596,1730200"
"New York,1,2531,5,3,45,3,4411,1711500"
"Chicago,2,1805,2,2,15,0,6501,583900"
"San Francisco,1,1005,2,1,53,2,3751,818000"
"Denver,2,1013,1,1,4,2,2993,404900"
"Chicago,2,2459,3,2,16,2,9612,643400"
"Denver,2,1081,1,1,0,2,2540,501100"
"Seattle,2,2155,4,2,51,1,6805,1048700"
"Chicago,2,1974,4,2,57,0,2425,448900"
"Denver,2,2145,3,2,13,3,4224,582100"
"New York,1,2207,3,2,36,2,6148,1157900"
"Denver,2,1293,3,2,23,1,4723,512300"
"Columbus,3,1266,2,1,3,3,4897,287100"
"Chicago,2,2365,4,3,2,1,6675,620000"
"Austin,2,1491,3,1,75,1,5362,494700"
"Seattle,2,500,1,1,51,3,1719,238900"
"San Francisco,1,2322,4,3,53,2,7817,1984300"
"Boston,1,1226,1,1,23,2,1854,597000"
"San Francisco,1,2204,3,2,21,2,5599,1518100"
"Indianapolis,3,2805,4,3,63,1,7185,367900"
"New York,1,1911,2,1,35,1,6507,1209300"
"Phoenix,3,2547,4,2,8,2,7236,573500"
"New York,1,2000,4,2,39,1,6991,1556300"
"Boston,1,2932,4,3,41,1,11370,1563800"
"Seattle,2,1210,2,1,45,1,3331,532500"
"Seattle,2,1895,3,2,42,0,6475,774600"
"Phoenix,3,2338,2,1,68,0,6475,380700"
"Indianapolis,3,1776,3,2,19,2,5243,239000"
"Columbus,3,2649,5,4,47,2,6709,448000"
"New York,1,1619,3,2,71,1,6293,957800"
"Phoenix,3,3245,4,2,78,1,11323,675700"
"New York,1,3279,6,3,77,1,10839,2029800"
"Columbus,3,2083,3,1,58,2,4422,349500"
"Austin,2,2259,4,2,8,0,5781,745000"
"Seattle,2,2675,4,2,79,1,9673,953100"
"New York,1,1128,2,1,2,2,4311,966300"
"San Francisco,1,1047,1,1,44,1,4181,882200"
"Boston,1,2717,4,2,35,2,8848,1331700"
"Columbus,3,2078,3,1,54,2,6746,331400"
"Phoenix,3,1753,3,2,62,1,2564,366500"
"Indianapolis,3,1907,2,1,59,0,6301,276700"
"San Francisco,1,500,1,1,18,0,1085,373300"
"Denver,2,1776,3,1,60,2,6431,533000"
"Boston,1,1411,1,1,60,3,1738,721700"
"Denver,2,2497,5,4,1,2,9529,776000"
"Seattle,2,2547,4,3,50,3,6507,842300"
"Boston,1,2275,4,2,10,2,3545,1093700"
"Denver,2,2157,4,2,44,1,6218,716000"
"New York,1,927,2,1,18,1,2909,685900"
"Austin,2,2284,4,3,28,2,7728,945500"
"Chicago,2,2309,3,2,21,2,7308,783500"
"New York,1,2709,5,4,68,1,7448,1350300"
"Indianapolis,3,3277,5,3,72,1,4684,400000"
"Austin,2,800,2,1,63,1,2893,210500"
"Phoenix,3,1647,3,2,57,1,6511,373500"
"Chicago,2,1418,3,2,29,2,4791,403000"
"Chicago,2,2012,4,2,11,2,2610,541300"
"Chicago,2,1909,3,1,45,2,6330,583900"
"Columbus,3,1748,2,1,34,1,3417,241000"
"Denver,2,2568,4,2,22,2,9999,679600"
"Boston,1,1184,1,1,19,1,1631,437300"
"San Francisco,1,1223,1,1,12,1,1784,1168300"
"Denver,2,1234,1,1,66,2,2107,409800"
"San Francisco,1,1666,1,1,25,3,5513,1301200"
"Boston,1,1101,3,1,73,3,3329,457800"
"San Francisco,1,1868,2,1,53,0,6045,1524800"
"Denver,2,1792,4,3,13,1,3926,835300"
"New York,1,1389,2,1,5,2,5088,1017000"
"Denver,2,2468,4,2,33,2,6045,660800"
"Phoenix,3,1861,2,1,6,1,2932,453800"
"Phoenix,3,2591,4,2,76,0,8677,409500"
"Boston,1,1773,4,2,72,1,4756,776100"
"Denver,2,1884,4,2,52,0,5391,397600"
"Denver,2,1534,3,2,23,1,3495,507400"
"Austin,2,1895,2,1,69,2,6045,506700"
"Chicago,2,2363,3,1,51,0,3071,640400"
"New York,1,1633,2,1,28,2,4205,991900"
"Indianapolis,3,2237,4,3,70,2,5360,349500"
"San Francisco,1,1372,3,2,16,1,4514,1170900"
"Phoenix,3,2393,4,3,45,1,4653,482900"
"Denver,2,1523,2,2,55,3,2824,517200"
"Boston,1,2454,5,3,72,1,5142,1094900"
"Phoenix,3,1940,2,1,10,2,4938,388400"
"San Francisco,1,2889,4,3,23,1,5165,1986500"
"Phoenix,3,1150,2,1,67,1,3583,242900"
"Denver,2,940,1,1,39,3,2001,263400"
"New York,1,1499,2,2,60,0,3568,1159700"
"San Francisco,1,1000,1,1,61,1,2761,780400"
"Phoenix,3,1001,3,2,24,3,2258,269400"
"Boston,1,2304,5,3,26,1,7289,1180400"
"Columbus,3,1897,3,1,39,1,5762,294200"
"Phoenix,3,1588,2,2,2,3,5271,390600"
"Chicago,2,1648,2,1,63,0,4391,345000"
"Boston,1,1512,2,1,9,2,3370,818300"
"Chicago,2,2973,4,3,74,2,5242,707800"
"Indianapolis,3,1422,2,1,62,2,3446,210300"
"San Francisco,1,1041,2,1,28,1,3794,1056800"
"Seattle,2,2417,3,2,5,0,3719,904600"
"New York,1,1760,3,3,63,2,3173,1147200"
"Seattle,2,3225,5,3,35,2,9877,1066200"
"Phoenix,3,1558,2,1,15,1,4378,371900"
"Austin,2,2450,3,2,34,1,9225,827200"
"Denver,2,2603,5,3,72,1,3335,746100"
"Boston,1,1561,1,1,55,0,5713,691000"
"New York,1,1417,3,2,54,2,4579,920200"
"Boston,1,2382,4,3,41,3,8031,1518200"
"Columbus,3,2274,4,2,12,1,5140,400900"
"Denver,2,983,2,1,75,3,2025,322300"
"Seattle,2,1167,1,1,59,2,1447,407300"
"Phoenix,3,500,1,1,41,2,1702,169300"
"San Francisco,1,2287,3,1,57,3,3779,1664900"
"Boston,1,1730,2,1,29,1,3171,859700"
"New York,1,1795,3,2,59,3,3544,1320600"
"Indianapolis,3,801,1,1,77,0,2912,106100"
"Chicago,2,1186,2,1,27,1,2379,321300"
"Denver,2,1589,1,1,0,1,3801,390100"
"San Francisco,1,1463,2,1,59,0,4817,1044400"
"New York,1,1977,4,3,68,2,7312,1222700"
"Chicago,2,2279,3,2,66,1,7783,494000"
"Seattle,2,3375,5,3,78,1,9110,1515900"
"Indianapolis,3,1887,2,2,27,1,2276,314400"
"Phoenix,3,2625,2,2,73,0,4310,346600"
"Austin,2,1361,1,1,16,1,2600,500300"
"Phoenix,3,811,2,1,46,1,1913,174200"
"Indianapolis,3,1671,2,1,71,3,3700,240800"
"Austin,2,861,1,1,73,2,2273,260400"
"Chicago,2,1910,1,1,49,1,4496,440100"
"Columbus,3,1393,1,1,43,2,4504,271300"
"Boston,1,630,2,1,36,2,848,417800"
"Columbus,3,3028,5,3,69,1,12067,567500"
"San Francisco,1,1551,1,1,70,0,5522,1091000"
"Chicago,2,836,1,1,19,1,1787,229600"
"Phoenix,3,2484,4,2,10,1,5741,579600"
"Denver,2,1426,1,1,65,2,5559,483700"
"Austin,2,2609,3,2,64,1,9967,895000"
"Denver,2,1423,2,1,7,1,3274,453300"
"New York,1,1548,3,1,39,1,2116,897600"
"New York,1,2124,4,3,40,2,8424,1578700"
"Boston,1,2286,4,2,3,3,6928,1046500"
"Denver,2,2400,3,3,53,1,7537,705900"
"Austin,2,1842,3,2,77,0,3627,753000"
"Boston,1,2244,3,2,16,2,7837,1400800"
"Columbus,3,2385,4,3,62,0,6585,408700"
"Seattle,2,2030,3,2,6,0,5109,813700"
"Austin,2,1807,2,2,17,2,5919,606500"
"Seattle,2,961,1,1,45,0,2154,443400"
"New York,1,2289,4,2,73,0,5499,1677200"
"Chicago,2,1927,3,1,70,1,5832,443700"
"Austin,2,1631,1,1,74,1,4878,467000"
"San Francisco,1,2731,5,3,79,3,10704,2105100"
"Indianapolis,3,972,1,1,64,1,2698,118500"
"Phoenix,3,2969,4,2,29,1,6231,481000"
"Chicago,2,1886,2,2,10,2,3781,464600"
"Columbus,3,2106,4,3,65,2,5676,371100"
"Columbus,3,1643,2,2,14,1,2522,308900"
"Seattle,2,816,1,1,41,2,2323,446500"
"Denver,2,1809,4,3,60,2,4148,458200"
"Denver,2,2118,3,2,2,1,4629,574600"
"Boston,1,2340,3,2,73,0,4069,1048400"
"New York,1,1771,3,2,24,2,4582,1116500"
"New York,1,500,1,1,17,1,653,411400"
"Chicago,2,898,1,1,29,1,2604,317400"
"Phoenix,3,3234,5,3,36,1,6467,583600"
"Phoenix,3,1190,1,1,36,1,4444,251800"
"Boston,1,2828,5,2,12,1,7562,1311000"
"New York,1,1293,1,1,15,1,4378,914200"
"Austin,2,1781,3,2,38,2,6382,692700"
"Denver,2,2306,4,2,18,2,8443,659000"
"Columbus,3,1367,2,1,51,1,4973,228700"
"Columbus,3,2935,3,2,71,1,5375,471000"
"Columbus,3,1949,3,2,1,3,3994,470600"
"Columbus,3,2200,3,2,2,2,7001,343200"
"Indianapolis,3,1726,3,2,51,2,4669,277500"
"Austin,2,2328,2,1,2,0,6765,772800"
"San Francisco,1,2926,3,2,51,0,9064,2125100"
"San Francisco,1,1815,4,2,39,1,2759,1282200"
"Seattle,2,3024,5,2,36,2,5054,1316300"
"Boston,1,1502,2,1,48,3,4485,796200"
"New York,1,2397,3,2,71,1,7074,1959000"
"Indianapolis,3,2218,3,2,10,2,7738,309200"
"New York,1,1205,2,1,10,2,3787,727800"
"Indianapolis,3,2039,3,1,55,2,3632,350700"
"Phoenix,3,1905,4,2,4,1,2660,424600"
"Chicago,2,1345,2,2,34,1,3087,368100"
"Chicago,2,2133,3,2,39,3,4777,590500"
"Seattle,2,1995,2,1,31,1,6681,690900"
"Chicago,2,1853,3,1,42,1,5708,514700"
"New York,1,1855,3,2,9,1,6756,1319000"
"Indianapolis,3,1841,3,1,21,1,4809,327800"
"Boston,1,1661,2,2,0,0,3336,933100"
"Boston,1,1991,3,2,76,1,5200,978900"
"Chicago,2,1481,3,1,66,3,2671,397100"
"Chicago,2,3627,6,4,20,1,4967,1109800"
"Austin,2,984,2,1,2,3,2558,475300"
"Chicago,2,1520,3,1,21,3,3584,429100"
"New York,1,1571,3,2,76,2,2027,903500"
"Chicago,2,3226,5,3,64,2,10386,749800"
"Boston,1,1042,1,1,52,2,3130,553200"
"Boston,1,2177,3,1,73,1,3062,772400"
"New York,1,2061,4,2,14,1,6571,1473900"
"Seattle,2,2117,4,3,42,3,3031,810700"
"Seattle,2,2704,4,3,63,1,7164,907800"
"Austin,2,2690,5,3,1,3,7915,855400"
"New York,1,1607,2,1,34,1,4174,1077500"
"New York,1,2026,4,2,28,1,6671,1527600"
"Denver,2,688,2,1,14,2,1568,286400"
"New York,1,1964,3,2,17,2,3528,1018900"
"Chicago,2,1384,2,1,77,1,3546,459500"
"Indianapolis,3,1779,3,1,40,2,3840,305500"
"Austin,2,805,1,1,6,1,1307,391600"
"Columbus,3,2163,3,2,54,0,5449,399100"
"San Francisco,1,797,1,1,47,2,1406,677400"
"San Francisco,1,1996,2,2,31,0,5024,1505800"
"Chicago,2,1103,2,1,31,1,3154,387200"
"Phoenix,3,1348,1,1,42,1,4570,328800"
"Columbus,3,2651,4,2,74,1,9514,433800"
"San Francisco,1,2282,4,2,60,3,7008,1940500"
"Phoenix,3,2647,4,3,32,0,9799,465300"
"Seattle,2,2914,5,3,19,2,8048,1200500"
"Boston,1,1398,2,1,8,2,4459,904700"
"New York,1,2874,4,3,15,1,9648,2134200"
"Indianapolis,3,947,2,1,10,3,3324,173600"
"San Francisco,1,2385,3,2,64,1,7883,1660000"
"Phoenix,3,1579,4,3,46,1,5885,429700"
"Chicago,2,1295,2,1,2,2,3269,440700"
"Chicago,2,2299,3,2,74,2,8897,595600"
"Chicago,2,2514,3,1,12,1,5834,679100"
"Columbus,3,2495,5,3,51,2,3484,398400"
"New York,1,2040,3,2,0,3,3488,1358700"
"San Francisco,1,1986,0,1,47,1,5488,1338400"
"Denver,2,2242,4,3,44,2,2782,778800"
"Seattle,2,2097,3,1,72,1,3441,803700"
"New York,1,2252,4,2,48,1,5061,1589300"
"New York,1,2033,4,3,39,1,5993,1485400"
"Seattle,2,2448,4,2,42,1,4072,1142500"
"San Francisco,1,842,3,2,50,2,2366,797800"
"San Francisco,1,1815,2,1,33,1,5548,1547900"
"Columbus,3,1000,1,1,57,0,3338,167800"
"Boston,1,2080,3,2,42,1,6343,870700"
"Indianapolis,3,2967,6,4,77,0,5638,385300"
"Indianapolis,3,1592,4,3,15,1,6356,322900"
"New York,1,1983,4,3,58,1,7312,1449400"
"Chicago,2,2392,3,2,66,0,5372,669600"
"Denver,2,556,1,1,57,1,713,184700"
"Chicago,2,1561,2,1,78,0,4184,371600"
"San Francisco,1,2137,3,2,34,1,7741,1652600"
"New York,1,500,2,1,43,1,1751,509000"
"San Francisco,1,1265,2,1,12,2,4697,1156600"
"Denver,2,2616,4,2,29,2,10241,882000"
"Indianapolis,3,2552,4,2,12,1,8157,398800"
"Chicago,2,2143,2,1,63,0,3546,478800"
"Chicago,2,2473,4,2,62,1,3220,492100"
"Indianapolis,3,2040,2,1,15,1,3313,257300"
"Chicago,2,2261,3,2,64,1,3986,559300"
"San Francisco,1,1695,2,2,25,3,2325,1378100"
"Columbus,3,1975,3,2,58,1,4878,319800"
"Seattle,2,1489,2,1,75,1,5055,644800"
"San Francisco,1,2721,4,3,66,2,3298,2011800"
"Austin,2,2889,4,2,14,3,9967,965900"
"Indianapolis,3,2797,5,3,14,1,10603,438200"
"Boston,1,1635,2,1,8,1,2658,835900"
"Austin,2,1280,2,1,67,0,1613,370800"
"New York,1,2730,4,2,43,2,6940,2001100"
"San Francisco,1,2254,3,2,12,1,8186,1807500"
"San Francisco,1,2114,3,2,46,1,6898,1675900"
"Chicago,2,1488,2,1,42,1,1930,349900"
"Columbus,3,2177,5,3,47,1,6716,426200"
"New York,1,1195,2,2,50,2,4170,1004400"
"Boston,1,2312,3,2,13,0,4529,913300"
"New York,1,2796,5,3,30,1,8471,1963600"
"San Francisco,1,2960,4,2,57,0,7646,2130100"
"Denver,2,2361,4,2,72,2,4193,703400"
"Chicago,2,1002,1,1,19,1,3732,340900"
"Chicago,2,2028,4,2,45,3,3700,403000"
"Seattle,2,3291,5,3,75,1,11694,1406600"
"Denver,2,1335,3,2,48,1,4225,509800"
"San Francisco,1,1862,2,1,18,1,3386,1661700"
"New York,1,2819,4,3,46,1,8997,1635100"
"Indianapolis,3,2301,5,4,1,1,2929,384100"
"Phoenix,3,3512,6,4,39,1,6538,636700"
"Indianapolis,3,1424,4,2,45,1,2847,179300"
"Columbus,3,1257,2,1,4,1,4638,245100"
"Chicago,2,2696,4,3,16,2,10145,664200"
"Indianapolis,3,1123,3,2,79,1,2200,169300"
"Seattle,2,1772,2,2,50,2,4481,592200"
"San Francisco,1,1857,2,1,36,2,7332,1294200"
"San Francisco,1,2573,3,2,18,2,7886,1891500"
"San Francisco,1,2299,4,3,9,0,3208,1977400"
"San Francisco,1,2197,2,1,34,1,5044,2198500"
"Seattle,2,1638,3,2,43,2,3898,735700"
"Chicago,2,2690,5,3,14,1,5536,643800"
"Phoenix,3,4517,7,4,64,1,11996,768700"
"Denver,2,2349,4,3,34,1,7660,817000"
"New York,1,1965,3,2,4,1,6163,1171200"
"Phoenix,3,1056,3,2,10,0,2307,316600"
"Seattle,2,1486,3,2,68,1,4848,635200"
"San Francisco,1,1761,2,2,27,2,4747,1396800"
"Boston,1,1553,2,2,29,1,5210,625600"
"Seattle,2,1890,3,1,15,1,2871,889700"
"Boston,1,3056,5,3,64,3,7131,1260300"
"Phoenix,3,2711,4,3,65,1,6249,518500"
"Phoenix,3,1797,1,1,19,0,3927,354900"
"Chicago,2,1115,2,2,58,1,3517,256200"
"New York,1,2769,4,2,36,1,7642,1752400"
"Phoenix,3,1868,3,2,13,1,4260,353500"
"Chicago,2,778,2,1,63,0,2102,195600"
"New York,1,2363,4,3,6,2,7496,1763800"
"Chicago,2,2567,3,2,69,2,7933,689900"
"Austin,2,500,1,1,2,1,1665,280900"
"Austin,2,1364,3,2,25,2,4889,482700"
"New York,1,1828,2,2,18,1,5978,1176800"
"Austin,2,2377,4,2,18,2,4051,751100"
"San Francisco,1,1565,3,2,38,1,5588,946800"
"New York,1,1359,1,1,60,2,2894,885300"
"New York,1,2373,4,2,31,0,7273,1260000"
"Indianapolis,3,1596,3,2,41,0,6344,259100"
"Boston,1,2252,4,3,77,2,4560,835700"
"Seattle,2,1178,1,1,39,1,2305,429800"
"Seattle,2,1021,1,1,63,1,1746,440400"
"Columbus,3,2391,3,2,30,1,9457,410800"
"Denver,2,2064,4,2,6,2,4944,546100"
"Columbus,3,2500,4,2,20,1,8487,404500"
"Boston,1,1554,1,1,12,1,2079,781700"
"New York,1,1383,2,1,72,2,2358,809000"
"Denver,2,2784,5,3,2,1,3833,851100"
"Seattle,2,910,2,2,65,1,3170,418500"
"Phoenix,3,2713,4,2,11,2,4065,556200"
"Columbus,3,2758,4,2,12,3,10439,435800"
"Austin,2,2459,3,3,42,2,7521,834900"
"Indianapolis,3,1453,2,1,6,0,5444,245900"
"Denver,2,1369,2,2,6,1,3210,603000"
"Boston,1,1763,3,1,62,2,4710,799100"
"Austin,2,1058,2,1,4,1,1351,437600"
"San Francisco,1,1275,2,1,47,2,3193,1047800"
"Phoenix,3,2319,4,2,9,1,6618,484100"
"San Francisco,1,2322,3,2,6,2,3440,1672600"
"Boston,1,1218,1,1,53,1,4808,615300"
"Denver,2,2339,4,2,31,3,2836,773700"
"San Francisco,1,2195,3,1,1,1,4278,2161500"
"San Francisco,1,2881,5,3,54,2,8423,2390100"
"Chicago,2,2270,3,2,77,1,5887,594500"
"San Francisco,1,2588,5,3,44,1,4839,2138600"
"Austin,2,2210,4,2,30,1,8758,714200"
"Seattle,2,2537,4,3,67,0,4386,825700"
"New York,1,1063,1,1,26,1,2967,678000"
"New York,1,1821,4,3,49,1,2776,1323200"
"Phoenix,3,1875,2,1,37,3,2545,442100"
"Indianapolis,3,1742,4,2,58,2,4470,290800"
"New York,1,2189,3,2,41,2,7559,1443400"
"Indianapolis,3,2312,5,4,38,1,6214,442200"
"Denver,2,2155,3,1,33,1,4358,618000"
"Chicago,2,1785,4,2,23,1,2226,432900"
"Chicago,2,1422,2,2,38,1,5451,427200"
"Chicago,2,2613,4,2,4,1,4686,815200"
"Phoenix,3,2127,4,2,27,2,5974,414200"
"Austin,2,1238,2,1,6,1,1539,378400"
"Denver,2,1774,3,2,25,0,2612,567100"
"Seattle,2,767,1,1,28,0,1286,399000"
"San Francisco,1,1923,3,2,2,1,2912,1003400"
"Chicago,2,1771,4,3,23,0,4757,579100"
"San Francisco,1,1527,2,1,53,1,3530,963800"
"Boston,1,2930,5,3,77,0,10090,1416700"
"San Francisco,1,1148,2,1,49,0,1751,667900"
"New York,1,2359,4,3,56,2,5678,1276000"
"Chicago,2,3321,5,3,53,3,7967,907900"
"Chicago,2,2600,3,2,75,1,4800,694500"
"Austin,2,1879,3,1,75,1,2760,560300"
"San Francisco,1,1163,2,1,9,1,1430,1278200"
"Austin,2,1015,1,1,37,2,1272,326800"
"Seattle,2,1632,4,2,72,1,3780,576800"
"Chicago,2,1453,3,2,70,1,1964,353600"
"Denver,2,1432,2,1,42,1,3300,432800"
"Austin,2,1688,2,1,35,3,4093,610700"
"Austin,2,1834,2,1,4,0,4488,586200"
"Indianapolis,3,2215,5,2,38,1,3847,352100"
"Phoenix,3,1095,1,1,40,1,2843,254500"
"Austin,2,1457,2,1,50,1,3349,575500"
"Austin,2,1796,3,1,41,0,7131,573200"
"San Francisco,1,1773,3,2,17,2,2353,1494600"
"Indianapolis,3,3094,4,2,77,2,4180,413800"
"Boston,1,2051,3,2,17,3,7196,1047600"
"Boston,1,851,1,1,30,3,1655,470600"
"Indianapolis,3,2172,3,1,40,1,3724,227200"
"Chicago,2,2255,4,3,23,2,8227,661700"
"San Francisco,1,1819,3,2,5,2,4896,1631600"
"San Francisco,1,1111,1,1,48,1,3249,869600"
"San Francisco,1,3043,5,3,18,2,3719,2109700"
"Denver,2,1205,2,1,70,3,2326,297900"
"San Francisco,1,2330,3,2,63,2,4487,1811300"
"Indianapolis,3,2030,4,1,34,2,6761,320600"
"Indianapolis,3,2291,3,2,37,1,5222,387900"
"Denver,2,3009,5,2,75,2,8476,717900"
"Denver,2,2265,3,2,2,1,8628,721800"
"Boston,1,1537,2,1,30,2,6082,656000"
"San Francisco,1,2619,4,2,4,2,4077,2303100"
"Chicago,2,1490,1,1,11,1,4107,497000"
"San Francisco,1,2006,2,1,73,1,6334,1785200"
"San Francisco,1,1059,1,1,8,2,3590,1013700"
"Boston,1,1228,2,1,76,1,4637,609700"
"San Francisco,1,1933,2,1,62,1,6262,1502100"
"Austin,2,2139,2,1,51,0,6699,717000"
"Chicago,2,793,1,1,59,2,1072,225500"
"Phoenix,3,2223,3,2,14,0,6059,500500"
"Denver,2,1367,2,1,9,1,3932,611000"
"Columbus,3,2732,4,2,29,2,8606,471500"
"Seattle,2,1671,3,2,61,1,4735,688100"
"Columbus,3,1170,3,3,24,2,2745,265500"
"Austin,2,1949,4,2,14,1,4999,694400"
"New York,1,1304,1,1,62,1,5097,875500"
"Indianapolis,3,2725,4,2,50,2,5781,371600"
"Boston,1,1900,3,2,42,1,6453,1040900"
"San Francisco,1,1801,2,1,32,3,5224,1611800"
"Boston,1,2285,4,2,62,1,5582,1298000"
"Seattle,2,1247,2,2,58,2,2943,537200"
"Seattle,2,1062,3,2,28,1,2872,542900"
"Austin,2,2165,4,3,10,2,7446,835600"
"Columbus,3,1185,3,2,69,1,1827,201400"
"Boston,1,1185,2,1,10,2,4444,757400"
"Austin,2,2444,4,2,34,0,8230,659300"
"Seattle,2,2241,3,2,71,2,4879,918400"
"Phoenix,3,1085,1,1,33,1,1333,293600"
"New York,1,1498,3,2,66,1,2239,1126200"
"San Francisco,1,1313,3,2,39,2,2106,1247200"
"Austin,2,3055,4,2,59,1,4552,1019200"
"Chicago,2,2489,5,3,47,2,3703,604700"
"Phoenix,3,1626,2,2,22,2,6323,346400"
"Denver,2,2275,2,1,71,0,6924,571200"
"Phoenix,3,1018,2,1,37,2,3561,215900"
"Seattle,2,1463,1,1,36,1,4061,685000"
"San Francisco,1,1968,3,2,52,1,5775,1770600"
"New York,1,2194,4,2,74,1,8045,1483300"
"San Francisco,1,1837,3,1,69,1,3552,1462100"
"Seattle,2,2061,4,2,31,2,6481,931500"
"Austin,2,1951,3,2,18,3,7254,779800"
"Seattle,2,1794,3,1,25,3,6856,604300"
"Denver,2,1708,2,1,21,2,4173,584100"
"Austin,2,1623,3,1,23,0,5841,551200"
"Chicago,2,2051,2,1,34,1,5355,528700"
"Chicago,2,2167,4,2,1,1,4165,634500"
"Boston,1,2029,2,2,42,2,3861,862000"
"Seattle,2,1134,2,1,67,1,2795,398500"
"Denver,2,1251,1,1,34,3,2405,387000"
"Denver,2,2159,3,2,6,1,2772,573300"
"Boston,1,2857,4,2,31,0,4273,1099300"
"Seattle,2,1999,3,2,26,2,7152,774400"
"Chicago,2,1632,3,1,47,1,5991,367700"
"Chicago,2,2046,3,2,20,0,7457,609000"
"New York,1,1161,1,1,24,1,3193,741500"
"Austin,2,2751,4,3,59,3,10505,718800"
"Columbus,3,2021,4,3,14,1,5249,360000"
"San Francisco,1,1465,3,2,74,1,3655,956700"
"Columbus,3,1792,2,1,23,1,4531,361600"
"New York,1,1557,2,2,65,1,2976,1012200"
"Austin,2,2753,5,3,6,1,8033,801100"
"Austin,2,1769,3,2,25,1,4347,673200"
"San Francisco,1,2001,2,2,30,1,7862,1601700"
"Columbus,3,2273,4,3,36,3,3822,382400"
"Austin,2,1419,2,1,7,2,2008,636500"
"Indianapolis,3,2026,4,2,19,2,4423,292200"
"Boston,1,2078,4,3,70,1,3748,1056100"
"Columbus,3,890,1,1,73,1,3540,137500"
"Indianapolis,3,2064,3,2,35,1,5705,312700"
"Denver,2,1870,2,1,9,1,4127,552600"
"New York,1,1984,3,2,22,1,5951,1254700"
"Chicago,2,1923,3,2,76,0,4747,436600"
"Denver,2,2068,2,2,73,1,3691,445300"
"Indianapolis,3,2769,3,2,65,0,6382,368800"
"Austin,2,1133,2,1,69,1,2268,368000"
"Boston,1,1678,3,2,56,1,5009,651600"
"New York,1,2333,4,3,49,2,8134,1701400"
"Chicago,2,2213,4,2,61,1,4283,648600"
"Indianapolis,3,2199,3,2,51,2,6464,297100"
"San Francisco,1,3690,6,3,27,0,11748,2537000"
"Phoenix,3,2299,5,3,51,3,5141,545900"
"Indianapolis,3,2635,5,3,23,1,6759,427500"
"San Francisco,1,1700,2,1,50,1,3748,1253900"
"New York,1,1255,2,1,30,2,2816,984000"
"Chicago,2,1696,1,1,38,1,4154,454300"
"Chicago,2,2363,4,2,14,1,4790,754700"
"San Francisco,1,2164,4,3,76,1,5556,1610300"
"Phoenix,3,2162,3,1,59,3,7148,449700"
"Austin,2,1761,2,1,8,2,4057,721300"
"Columbus,3,1657,2,2,38,1,6375,209200"
"Columbus,3,1783,3,2,36,2,3228,353500"
"Phoenix,3,2371,4,2,70,0,5829,406700"
"Austin,2,2446,4,3,60,1,7056,846700"
"Boston,1,1246,2,1,70,1,3391,675900"
"Austin,2,2396,4,2,37,1,9228,790100"
"San Francisco,1,1477,3,2,12,3,3114,1211400"
"Chicago,2,2205,4,2,57,2,4978,565600"
"New York,1,1775,1,1,17,3,5091,1020600"
"Austin,2,2918,4,2,50,2,8374,1189900"
"San Francisco,1,1628,2,1,32,1,5543,1282800"
"Boston,1,2016,4,2,27,2,6904,1214000"
"New York,1,2294,5,4,9,0,2823,1523400"
"Chicago,2,1332,2,1,64,2,4449,356000"
"Phoenix,3,1853,2,1,55,0,5948,388600"
"San Francisco,1,1727,1,1,27,2,4905,1179900"
"Columbus,3,1566,3,2,59,2,3269,261000"
"Columbus,3,1614,2,2,78,0,6036,270600"
"Seattle,2,2623,6,4,57,0,8569,1060800"
"Chicago,2,1511,2,1,75,1,2902,336300"
"Seattle,2,2268,5,2,37,1,4660,1067900"
"New York,1,2104,4,2,30,2,6710,1698800"
"Austin,2,992,1,1,67,1,3739,392200"
"San Francisco,1,2237,4,2,53,1,5757,1555800"
"Columbus,3,981,2,1,48,1,3592,172900"
"Indianapolis,3,2308,3,2,51,0,5239,297000"
"Phoenix,3,1570,3,2,79,1,3621,320900"
"Denver,2,1905,4,3,54,2,5945,533000"
"Denver,2,1059,2,1,65,2,1421,283600"
"Indianapolis,3,1980,3,2,2,3,3146,307700"
"Boston,1,2503,3,3,57,1,8109,1019800"
"San Francisco,1,1375,2,1,25,1,2582,1224700"
"Denver,2,1505,2,2,9,0,2544,563200"
"Seattle,2,2196,2,2,22,1,3183,846300"
"Seattle,2,2212,4,2,66,0,4047,828900"
"San Francisco,1,500,1,1,65,0,951,275700"
"Denver,2,3210,4,2,24,2,6918,914300"
"Boston,1,2244,3,2,15,1,8589,1276900"
"New York,1,2353,3,2,33,1,7071,1463500"
"San Francisco,1,1807,4,2,26,1,5676,1280900"
"Seattle,2,694,1,1,37,2,1091,407100"
"Columbus,3,2339,4,2,62,1,4069,306200"
"Seattle,2,1533,2,1,26,2,5697,818600"
"Chicago,2,2254,2,1,13,1,6708,816700"
"Phoenix,3,1758,3,2,8,0,6095,399500"
"Seattle,2,2055,3,1,54,1,4523,925800"
"Phoenix,3,1396,2,1,15,0,3931,251700"
"Chicago,2,2462,3,2,17,1,6416,525900"
"Denver,2,1128,2,1,64,2,2002,316900"
"San Francisco,1,3360,6,3,7,2,11791,2929800"
"San Francisco,1,3355,6,4,52,1,7161,2514200"
"Indianapolis,3,2961,6,4,0,0,7424,462100"
"Phoenix,3,2729,5,3,75,1,4291,420500"
"Indianapolis,3,1845,1,1,57,3,5512,259000"
"Columbus,3,2658,3,2,65,1,9078,373700"
"San Francisco,1,1837,2,1,53,1,4315,1212400"
"Phoenix,3,890,2,1,32,0,3506,193700"
"Austin,2,2877,4,3,79,2,5527,903300"
"Phoenix,3,2634,4,2,62,1,9600,464500"
"San Francisco,1,1880,3,1,7,0,6052,1512900"
"Boston,1,1104,2,1,46,1,4191,439800"
"Phoenix,3,1519,1,1,43,2,4973,336200"
"Phoenix,3,716,1,1,22,1,1851,203400"
"Denver,2,2514,4,3,36,3,5927,780100"
"Boston,1,858,2,1,78,2,3022,420500"
"Boston,1,2086,3,2,6,1,7412,1175100"
"Indianapolis,3,1352,2,1,74,3,3852,162200"
"Austin,2,973,1,1,56,2,3080,350100"
"Austin,2,2055,4,2,8,1,5129,627500"
"Denver,2,1683,2,1,24,2,3049,550700"
"Seattle,2,2445,3,1,67,1,3276,874300"
"Denver,2,1076,1,1,56,1,3261,337200"
"Austin,2,1408,1,1,6,1,4328,584300"
"Phoenix,3,500,1,1,11,2,1531,202600"
"Columbus,3,500,1,1,74,3,1387,116200"
"Indianapolis,3,3069,4,3,12,1,6625,433400"
"Denver,2,3254,5,3,49,2,6110,1041800"
"Austin,2,1960,3,1,79,2,2713,622300"
"Chicago,2,1365,4,2,13,2,2204,421000"
"Phoenix,3,1706,1,1,3,1,5048,385200"
"Denver,2,2468,4,2,65,1,8269,721500"
"Chicago,2,1566,3,2,75,1,5859,475800"
"Phoenix,3,2054,2,1,41,0,2947,414000"
"Chicago,2,1892,3,3,18,0,6583,529500"
"Phoenix,3,1530,3,2,4,1,4395,356600"
"New York,1,1558,2,2,72,0,3184,1079900"
"Austin,2,2091,4,3,63,2,6759,825500"
"Denver,2,1265,1,1,71,1,5022,388800"
"San Francisco,1,2194,3,2,63,1,4964,1745800"
"Columbus,3,1593,3,1,34,2,4710,333800"
"Denver,2,1983,4,2,38,1,3828,611200"
"New York,1,2800,5,3,30,2,4967,1873200"
"Phoenix,3,1791,4,2,58,2,2897,382900"
"Chicago,2,2498,3,1,8,1,3222,614400"
"Phoenix,3,735,2,1,3,1,2372,278100"
"Seattle,2,1594,3,1,76,1,2564,571100"
"Columbus,3,1918,2,1,25,1,5933,329400"
"Seattle,2,3150,7,4,2,1,11450,1718200"
"Denver,2,626,1,1,53,1,2235,177200"
"San Francisco,1,1837,1,1,31,1,3742,1427800"
"Chicago,2,2847,5,3,18,1,4408,694100"
"Chicago,2,1390,2,1,34,0,3392,378300"
"Denver,2,1762,4,3,36,1,3009,498300"
"Austin,2,2116,4,2,48,1,4752,668400"
"Phoenix,3,2020,3,1,74,0,5641,359500"
"Chicago,2,2918,6,3,70,2,8766,769100"
"Boston,1,2192,4,3,66,3,3970,1126900"
"Indianapolis,3,2763,4,3,39,2,5074,288100"
"Chicago,2,1666,2,1,44,1,6039,439800"
"Indianapolis,3,1419,3,2,10,1,5457,263800"
"Indianapolis,3,1753,2,2,46,2,5257,268700"
"Columbus,3,1147,2,1,53,2,3165,206000"
"Phoenix,3,2214,3,2,70,3,6736,389000"
"Denver,2,1649,2,1,3,1,2573,449700"
"New York,1,1463,1,1,69,1,5430,951000"
"Denver,2,2224,4,3,41,1,3968,609700"
"Phoenix,3,1157,1,1,7,3,3558,318300"
"Austin,2,2401,3,1,79,2,4373,632700"
"Columbus,3,1589,1,1,37,2,5047,296900"
"San Francisco,1,2653,3,1,32,2,8780,2011400"
"Seattle,2,1645,3,2,15,3,5387,783100"
"Austin,2,2311,3,3,5,1,5547,798200"
"Austin,2,2017,3,2,6,3,5849,717500"
"San Francisco,1,2384,3,2,21,2,6852,1823300"
"New York,1,1971,3,2,23,2,6340,1573200"
"Phoenix,3,819,2,1,37,3,2127,180700"
"Austin,2,2556,4,2,48,1,6698,763300"
"San Francisco,1,1843,3,2,79,2,5743,1554200"
"San Francisco,1,2413,4,3,63,1,4045,1963600"
"Austin,2,2349,3,2,38,2,7110,920300"
"New York,1,1397,1,1,72,2,2256,860400"
"Chicago,2,1305,1,1,44,2,4215,306800"
"Phoenix,3,2326,4,2,33,1,5324,409000"
"New York,1,1703,2,1,17,2,6047,1161400"
"Denver,2,2509,3,2,33,2,3632,825200"
"New York,1,1784,3,1,3,2,4441,1236800"
"Boston,1,2565,6,4,12,1,4279,1219300"
"Columbus,3,2175,3,2,75,2,7901,357500"
"Denver,2,2087,3,1,15,2,3236,666200"
"Columbus,3,1657,2,1,45,1,4240,255400"
"New York,1,2051,4,3,8,1,3066,1265400"
"Seattle,2,2675,5,3,48,2,9185,1250100"
"Austin,2,1865,3,1,78,2,3711,642400"
"Austin,2,2245,4,3,36,1,6428,678200"
"Indianapolis,3,1930,3,1,10,1,3235,287600"
"New York,1,1981,3,1,1,2,4327,1498400"
"Columbus,3,3020,6,4,60,3,4585,416800"
"Columbus,3,2681,5,3,8,1,7352,497300"
"Denver,2,1952,1,1,25,3,2361,580300"
"Seattle,2,2039,3,1,67,1,8116,690300"
"Austin,2,1444,2,1,42,1,3416,595500"
"Boston,1,1788,3,2,69,2,5297,794900"
"Phoenix,3,2101,4,1,69,0,4208,398700"
"Austin,2,2453,3,2,52,0,4683,658000"
"Indianapolis,3,2387,4,2,74,3,8520,407100"
"Chicago,2,1179,2,2,2,1,3918,496000"
"Austin,2,2535,4,3,19,1,7608,725400"
"Chicago,2,1842,3,2,22,1,6090,520100"
"Austin,2,1258,3,2,72,1,2127,480100"
"Columbus,3,2769,5,3,49,2,10565,443400"
"New York,1,2851,4,2,20,1,7051,1967000"
"Indianapolis,3,2071,4,2,16,1,7523,275700"
"Phoenix,3,2361,5,4,64,1,7699,439100"
"Columbus,3,2399,4,2,68,2,4799,378700"
"Austin,2,2807,4,2,1,3,7843,920200"
"Phoenix,3,2373,4,2,29,1,9270,482400"
"Boston,1,1037,2,2,42,2,1352,446500"
"Phoenix,3,3206,5,3,18,3,7676,715200"
"New York,1,2593,6,4,58,1,7617,1450900"
"Boston,1,1569,2,2,60,0,3376,838000"
"Austin,2,1231,3,1,67,2,2573,380000"
"Seattle,2,2228,3,1,62,3,7344,982600"
"Seattle,2,1719,2,1,67,0,6473,723300"
"Phoenix,3,2114,3,2,29,1,5719,388100"
"Boston,1,2383,3,2,23,2,9186,1087300"
"Phoenix,3,1532,3,1,25,2,2273,319700"
"San Francisco,1,1175,2,2,68,0,2158,838900"
"Phoenix,3,2151,3,2,51,1,3109,344100"
"Phoenix,3,1553,3,2,25,1,3757,374600"
"Seattle,2,1995,4,3,57,3,5895,788600"
"Chicago,2,1027,3,1,18,2,1809,339000"
"Columbus,3,1736,3,2,21,1,4263,356300"
"Phoenix,3,2365,4,3,0,2,7370,580300"
"Seattle,2,2294,4,3,77,1,6860,841100"
"Austin,2,1388,2,1,18,3,4111,604600"
"Phoenix,3,1141,2,1,60,1,3305,252400"
"Boston,1,1910,3,1,9,0,7568,874800"
"Phoenix,3,2265,2,1,2,1,7246,451800"
"Seattle,2,2163,3,1,53,1,8093,976200"
"Phoenix,3,1567,2,2,7,2,6056,423000"
"San Francisco,1,2094,3,2,11,1,7553,1394300"
"San Francisco,1,2877,5,3,26,1,4219,1926400"
"Indianapolis,3,2033,4,2,46,2,5452,338000"
"Columbus,3,838,1,1,1,1,1901,171700"
"Columbus,3,2032,3,2,10,1,2991,390900"
"Indianapolis,3,3229,4,2,27,1,8976,566000"
"Austin,2,1063,1,1,56,3,1909,389700"
"Boston,1,1919,3,2,7,2,5429,878100"
"New York,1,1753,3,1,22,2,6116,1262500"
"Austin,2,1962,3,2,15,2,4518,794400"
"New York,1,2026,3,2,24,1,7819,1422500"
"Indianapolis,3,2641,3,2,20,0,8837,415500"
"San Francisco,1,1955,4,2,51,2,6749,1394600"
"New York,1,2730,5,3,5,0,4134,1669500"
"Boston,1,1824,2,1,75,3,6999,921300"
"New York,1,1672,3,1,19,1,2168,1043300"
"New York,1,1465,2,2,79,1,5220,648100"
"Chicago,2,719,1,1,58,1,922,193000"
"Seattle,2,2079,3,2,28,1,3440,895500"
"Denver,2,3235,5,3,24,2,6738,1121500"
"Columbus,3,2198,4,2,75,2,7178,415400"
"Denver,2,2346,4,3,79,2,8723,719300"
"Chicago,2,1632,2,1,48,3,5004,482500"
"Seattle,2,1741,1,1,3,1,5637,783800"
"New York,1,2540,4,2,72,1,5109,1640700"
"Seattle,2,3206,5,3,38,2,12603,1310600"
"Indianapolis,3,2867,5,3,2,1,6714,470800"
"Chicago,2,2423,4,2,64,1,9101,566000"
"Boston,1,1923,3,2,2,0,6503,1214000"
"Austin,2,2036,4,3,29,2,4537,520400"
"Phoenix,3,1410,2,1,5,2,3047,362300"
"Chicago,2,959,2,1,34,1,2975,311100"
"Denver,2,1168,2,1,64,0,4477,372200"
"Columbus,3,1932,4,2,10,0,5956,307500"
"Chicago,2,1710,2,1,11,1,6157,397400"
"Chicago,2,945,1,1,76,1,3691,257400"
"New York,1,1876,2,1,14,2,3985,1491300"
"San Francisco,1,1693,3,2,9,3,4584,1483500"
"Indianapolis,3,1138,1,1,46,2,3306,202500"
"Denver,2,1659,2,1,22,2,3000,511900"
"Seattle,2,1691,2,1,76,3,5805,701200"
"Denver,2,1499,2,2,13,2,2897,606900"
"San Francisco,1,2502,3,1,45,1,7954,1800000"
"Phoenix,3,663,1,1,73,2,1768,162900"
"New York,1,609,1,1,58,1,2157,357600"
"Phoenix,3,1902,1,1,2,1,5007,379200"
"Denver,2,1962,4,2,15,0,5577,695500"
"Boston,1,2163,4,3,10,2,3692,1337100"
"San Francisco,1,1550,2,1,73,2,5368,1162300"
"Phoenix,3,1303,3,1,16,2,3031,279100"
"New York,1,1895,3,2,4,1,5350,1654100"
"San Francisco,1,1613,4,2,30,2,5757,1336400"
"Phoenix,3,2908,4,3,22,2,7393,646300"
"Seattle,2,1689,1,2,13,2,3325,718900"
"Seattle,2,1865,3,2,36,1,3624,794600"
"Boston,1,3509,7,4,72,1,9775,1475400"
"Columbus,3,1773,3,2,18,1,3573,408900"
"Boston,1,2262,3,2,78,3,4859,1145100"
"New York,1,2320,4,2,53,1,4309,1799000"
"Boston,1,2375,4,3,30,2,5818,1043400"
"New York,1,2088,3,1,54,1,5231,1037800"
"Boston,1,2026,5,3,27,3,5415,1009900"
"San Francisco,1,1965,3,2,16,1,5620,2062000"
"New York,1,1526,3,2,18,2,4343,1078700"
"Seattle,2,2112,4,3,0,2,4706,1090800"
"Columbus,3,3219,4,2,51,2,11981,447800"
"San Francisco,1,2687,4,3,5,2,7074,1935800"
"New York,1,2098,4,3,15,0,7406,1465100"
"Columbus,3,2456,4,2,0,1,6780,550700"
"Columbus,3,1335,2,1,5,1,2987,299900"
"Chicago,2,1731,2,2,72,2,5657,334500"
"Boston,1,2516,4,2,1,2,4266,1323400"
"Seattle,2,2867,5,3,49,1,11225,1024500"
"New York,1,1399,2,1,26,2,3921,914300"
"New York,1,1586,3,2,11,1,2366,1202700"
"Seattle,2,3318,5,3,23,1,7896,1578200"
"Denver,2,1963,3,2,7,1,6272,778400"
"Seattle,2,3085,5,3,25,2,4290,1304600"
"Denver,2,2034,3,2,65,0,3929,604400"
"Boston,1,2060,5,3,49,3,7804,1210400"
"Seattle,2,1701,3,2,64,2,3738,563800"
"Phoenix,3,2513,3,2,55,1,4136,562900"
"Columbus,3,2783,6,3,74,1,4106,379000"
"Seattle,2,1227,2,1,8,2,3599,621100"
"Denver,2,1671,3,3,12,2,4617,570200"
"Boston,1,2495,4,3,32,1,7519,1030200"
"San Francisco,1,1816,1,1,41,1,7051,1470200"
"Chicago,2,1579,2,2,62,1,2161,406000"
"New York,1,2556,4,3,9,1,4482,1707500"
"Austin,2,2617,4,2,8,1,4854,871500"
"Austin,2,1608,3,1,63,2,3853,623000"
"New York,1,2038,3,2,43,1,3136,1671500"
"San Francisco,1,1114,2,1,32,2,2615,1080300"
"Seattle,2,1318,3,2,17,1,4594,661800"
"Indianapolis,3,1981,3,2,55,2,3285,227300"
"Denver,2,1920,3,1,64,3,7232,639300"
"Seattle,2,1272,2,1,2,1,4772,674400"
"San Francisco,1,1435,3,2,4,1,3783,1361100"
"Denver,2,1208,2,1,62,1,4359,326400"
"San Francisco,1,2196,3,2,70,1,7010,1792500"
"Denver,2,621,1,1,18,2,1365,332000"
"Phoenix,3,1242,1,1,56,2,3444,224400"
"Austin,2,689,1,1,67,2,1052,263300"
"Boston,1,2172,3,2,9,3,5621,987900"
"San Francisco,1,728,1,1,14,1,2565,687800"
"San Francisco,1,1921,3,2,10,1,5453,1388500"
"Austin,2,2966,4,2,63,1,6732,874100"
"Columbus,3,2988,4,2,61,2,9137,441800"
"Boston,1,726,2,1,10,1,2857,489400"
"Denver,2,2094,4,3,13,0,2908,755200"
"Chicago,2,1257,1,1,53,3,2671,393500"
"San Francisco,1,1124,2,1,71,1,1840,765800"
"New York,1,1826,1,1,62,1,7084,1209100"
"Seattle,2,2698,3,2,13,1,7362,974200"
"Chicago,2,2290,3,1,30,1,3579,573200"
"Austin,2,1435,3,1,5,0,4182,548900"
"Chicago,2,2358,3,2,19,1,6134,566500"
"Columbus,3,500,1,1,45,1,683,120500"
"Phoenix,3,1411,2,2,27,2,5109,331000"
"Indianapolis,3,1364,2,1,48,1,4345,213600"
"Phoenix,3,1951,2,1,23,2,2370,452800"
"Columbus,3,1768,4,2,45,2,6872,308000"
"Phoenix,3,1808,3,2,50,2,2976,403400"
"Chicago,2,1786,3,2,15,3,2145,612700"
"Phoenix,3,1915,3,2,3,1,4589,504800"
"Indianapolis,3,2251,4,2,27,0,3589,321800"
"Austin,2,1997,4,2,3,0,5584,643700"
"Chicago,2,1715,4,3,12,1,3553,478400"
"Austin,2,2161,3,2,23,2,3714,599900"
"Columbus,3,2437,5,3,27,1,9648,477400"
"Austin,2,1539,3,2,22,0,3281,606400"
"Phoenix,3,1861,4,3,4,0,4394,439000"
"Phoenix,3,2655,4,3,14,2,5373,467000"
"Indianapolis,3,1183,2,1,70,1,4192,163400"
"Boston,1,3073,5,3,57,1,5381,1590300"
"Chicago,2,1030,2,1,35,2,1604,336100"
"Phoenix,3,1676,4,2,1,2,6148,463900"
"Indianapolis,3,1282,2,1,28,1,2197,293000"
"Columbus,3,3322,5,3,73,1,11967,530100"
"Denver,2,1573,1,1,64,2,4434,343800"
"Denver,2,1574,1,1,60,1,5518,405100"
"New York,1,1659,2,1,19,3,2317,1195000"
"Indianapolis,3,1962,2,2,32,2,7648,316000"
"Boston,1,1687,3,2,2,2,3440,872700"
"Chicago,2,1814,2,2,68,2,2475,437000"
"Phoenix,3,500,1,1,9,3,1671,177100"
"Austin,2,1937,3,1,49,0,3292,633600"
"New York,1,1912,4,2,22,0,4174,1525800"
"New York,1,2575,4,3,45,2,7377,2066000"
"Columbus,3,2751,5,4,66,1,3830,507700"
"Austin,2,1778,3,2,25,2,3139,561900"
"San Francisco,1,2431,4,3,1,1,6246,1961100"
"Chicago,2,1184,2,1,53,1,2819,307300"
"Boston,1,2399,4,3,42,1,6624,1215200"
"Columbus,3,1528,1,1,11,2,4951,288700"
"Boston,1,1130,2,2,3,1,2473,628000"
"New York,1,1779,3,2,41,1,4149,1404000"
"San Francisco,1,2810,5,3,49,1,5515,2134500"
"Austin,2,2018,3,2,9,0,4341,717500"
"Austin,2,2873,5,3,47,2,3858,971500"
"Phoenix,3,1413,2,1,35,3,3991,346300"
"Austin,2,2581,3,1,10,2,4346,929000"
"Seattle,2,1476,2,2,49,2,4731,762700"
"Boston,1,2046,4,2,51,1,2697,789700"
"Boston,1,2041,4,3,12,3,2791,1084700"
"Indianapolis,3,2330,4,3,53,2,4653,337000"
"New York,1,2063,2,1,17,2,5008,1341800"
"Indianapolis,3,1420,2,1,47,1,4462,236500"
"Seattle,2,2472,3,1,65,0,7757,1084600"
"San Francisco,1,3026,5,3,74,1,11878,2104600"
"Boston,1,1521,2,1,20,1,3323,906500"
"San Francisco,1,707,1,1,27,0,966,511700"
"Phoenix,3,2225,3,1,7,2,8036,524500"
"Austin,2,1685,2,1,77,1,5469,462300"
"Seattle,2,1815,3,1,26,1,2524,697800"
"Chicago,2,2262,4,3,64,2,3242,577600"
"Chicago,2,1603,1,1,74,3,4063,375500"
"Indianapolis,3,1725,3,3,38,1,3720,181500"
"Indianapolis,3,1835,4,2,55,1,5266,296500"
"Chicago,2,2855,4,1,37,2,5178,778800"
"Phoenix,3,1920,3,2,46,3,7461,410900"
"Phoenix,3,1097,2,1,19,2,2889,269400"
"Austin,2,1123,1,1,67,1,3708,347800"
"Chicago,2,1990,3,2,9,2,3089,450400"
"San Francisco,1,1166,1,1,52,2,3413,720300"
"Phoenix,3,885,1,1,73,0,3206,182600"
"Indianapolis,3,2313,3,1,64,1,2924,328200"
"San Francisco,1,2345,3,2,60,2,6360,1881600"
"Phoenix,3,1661,3,2,52,2,3141,359000"
"Indianapolis,3,2091,4,2,75,1,5310,311100"
"New York,1,2022,4,2,69,2,7046,1445100"
"Austin,2,2292,4,2,21,2,7179,735800"
"Indianapolis,3,2293,4,2,49,1,7596,347500"
"Indianapolis,3,500,1,1,34,1,896,109300"
"New York,1,1744,2,1,21,1,6158,1163300"
"Seattle,2,2237,2,1,65,3,6530,997200"
"Chicago,2,1633,4,3,3,1,2276,606300"
"New York,1,1924,2,1,10,2,6956,970400"
"Seattle,2,2388,5,3,8,1,3238,1001300"
"San Francisco,1,1953,3,2,16,2,2501,1500000"
"New York,1,2880,4,3,40,3,10179,2203800"
"Denver,2,2633,4,3,75,3,3256,626500"
"Chicago,2,1823,4,3,77,2,2639,298900"
"Chicago,2,1771,4,3,72,1,2209,494300"
"Phoenix,3,500,1,1,60,1,1832,139500"
"Seattle,2,1688,2,1,36,1,2237,538400"
"Boston,1,1020,2,1,62,2,2288,487900"
"San Francisco,1,2044,3,2,21,1,3695,1895800"
"New York,1,1999,4,2,53,1,4311,1138100"
"Boston,1,2352,4,2,0,0,4736,1156900"
"New York,1,2808,3,2,72,2,10350,1886800"
"San Francisco,1,1883,3,2,77,0,6313,1145400"
"New York,1,3382,5,3,58,1,12439,2031900"
"Chicago,2,2051,3,1,13,1,6596,457500"
"Chicago,2,1048,2,2,20,1,2227,336000"
"Indianapolis,3,1535,3,2,59,2,2641,209300"
"Phoenix,3,1658,3,2,39,2,4449,373100"
"Denver,2,2285,3,2,43,2,5024,751900"
"New York,1,1284,2,1,32,1,3854,1053800"
"Denver,2,1706,2,1,66,0,2233,596600"
"San Francisco,1,1795,2,2,13,2,5737,1520300"
"Austin,2,1609,2,1,35,1,3280,522100"
"Seattle,2,2427,5,3,17,2,6054,1018100"
"Austin,2,2317,2,1,55,3,9129,673000"
"Boston,1,2658,4,2,22,1,4794,1300500"
"Chicago,2,1685,3,1,23,2,2577,444800"
"Columbus,3,2682,4,3,13,1,4794,481300"
"Phoenix,3,1013,1,1,69,1,2213,170700"
"Chicago,2,998,1,1,17,1,2696,300800"
"Denver,2,1111,1,1,69,2,4382,364700"
"San Francisco,1,1906,4,3,73,3,6930,1480100"
"Chicago,2,2682,3,1,77,1,8587,485600"
"Denver,2,1509,2,1,27,2,4855,510900"
"Boston,1,1590,4,2,52,1,3171,690100"
"Seattle,2,1760,2,1,66,1,6685,794700"
"Indianapolis,3,2272,4,3,6,2,6159,429100"
"Chicago,2,1590,3,2,5,2,2632,355500"
"Austin,2,1553,3,2,16,2,5996,668500"
"Chicago,2,1025,1,1,78,3,2684,278300"
"Seattle,2,1528,2,2,7,0,2499,563600"
"Austin,2,2665,4,3,61,1,8684,957100"
"Boston,1,1959,4,2,67,1,3633,745800"
"Austin,2,1419,2,1,72,2,2448,506100"
"Chicago,2,2703,4,2,42,0,5269,618000"
"San Francisco,1,1520,3,2,42,1,4285,997800"
"Phoenix,3,2823,5,3,59,2,5700,682800"
"Boston,1,2812,5,3,50,1,3696,1028700"
"Chicago,2,1936,2,1,62,2,4424,430600"
"Chicago,2,926,1,1,28,3,1719,281000"
"Chicago,2,3388,5,3,74,1,8917,774300"
"Denver,2,2152,4,3,34,1,5352,752600"
"Indianapolis,3,1689,2,1,19,3,2396,275300"
"Austin,2,2521,4,2,60,2,4757,894300"
"Chicago,2,2356,3,2,49,1,4684,616000"
"Chicago,2,2752,6,3,3,2,7038,630000"
"New York,1,1469,2,1,13,1,5145,1128600"
"Boston,1,2107,4,2,2,2,3818,1094800"
"Austin,2,1129,2,2,46,1,1855,376100"
"Boston,1,2333,4,3,69,1,2806,1285600"
"Seattle,2,1885,2,2,25,2,5463,881900"
"Seattle,2,2083,2,1,8,0,4399,963100"
"Denver,2,1805,4,3,68,2,5553,644100"
"New York,1,1737,3,1,57,2,5441,1089100"
"Phoenix,3,1336,2,2,43,3,1770,321900"
"Austin,2,2414,3,3,15,0,5725,856600"
"Chicago,2,2868,4,3,53,1,11215,698400"
"San Francisco,1,1538,3,2,29,1,3030,1064300"
"Austin,2,2260,5,3,19,1,6063,814400"
"San Francisco,1,2181,3,2,23,1,5902,1831900"
"Chicago,2,1905,3,2,4,1,3676,551600"
"Seattle,2,908,2,1,39,1,3071,421600"
"Indianapolis,3,1054,2,1,60,3,1276,167800"
"Seattle,2,1392,3,2,66,1,2554,549300"
"Denver,2,510,1,1,57,1,1458,224900"
"Boston,1,2815,5,3,70,2,10608,1344900"
"Chicago,2,2139,4,2,77,1,2624,477200"
"Austin,2,1881,3,2,17,2,5422,539800"
"Seattle,2,500,2,1,34,2,605,290400"
"New York,1,714,1,1,27,2,2102,542600"
"New York,1,1898,3,2,54,2,4465,1160500"
"New York,1,3181,6,4,66,2,7687,2284800"
"Indianapolis,3,1446,3,1,71,3,5652,224800"
"Seattle,2,2461,5,3,7,0,7654,863600"
"San Francisco,1,1588,1,1,41,1,2779,1285000"
"Indianapolis,3,1936,3,2,9,2,7730,275200"
"San Francisco,1,2690,4,3,26,0,5161,2218100"
"Seattle,2,1675,3,1,38,1,5227,671900"
"Chicago,2,1451,3,2,49,2,4505,422800"
"Columbus,3,2822,5,3,63,1,10101,451700"
"Chicago,2,1930,3,2,79,1,4471,457700"
"Austin,2,2609,4,2,26,2,8215,917300"
"Indianapolis,3,1455,3,1,44,0,4296,223700"
"San Francisco,1,2814,5,3,5,0,6815,2706100"
"Indianapolis,3,2078,4,3,8,2,7823,380400"
"Columbus,3,2183,4,2,77,2,4159,338500"
"Indianapolis,3,1986,4,2,75,1,3630,243500"
"Boston,1,1571,3,2,75,1,4658,750500"
"New York,1,1899,3,1,20,0,3290,1105100"
"Chicago,2,1612,3,2,52,2,5681,516600"
"Austin,2,2524,4,2,18,1,5429,701400"
"Austin,2,1768,4,2,54,3,4206,555800"
"Indianapolis,3,927,2,1,38,2,2883,140500"
"Chicago,2,808,1,1,74,0,2972,211500"
"Boston,1,778,3,3,29,2,2437,482900"
"Seattle,2,2302,2,1,51,3,3370,969300"
"New York,1,1152,2,1,52,2,2473,697300"
"New York,1,2095,3,2,63,2,6914,1455400"
"New York,1,1989,4,3,4,1,7442,1559900"
"Phoenix,3,1858,3,1,37,2,5527,400300"
"Chicago,2,2185,3,2,36,2,6269,593700"
"Denver,2,2003,3,2,18,1,4530,663000"
"Seattle,2,500,1,1,64,1,1269,206000"
"Chicago,2,1690,2,1,66,3,4073,374600"
"Phoenix,3,2176,3,2,6,1,2947,489000"
"Columbus,3,2966,4,2,54,1,3741,412700"
"Denver,2,2996,5,3,68,1,8774,929100"
"Phoenix,3,1014,2,1,23,1,2664,298500"
"Austin,2,1673,2,2,50,1,3155,520900"
"Austin,2,882,1,1,49,1,3263,301000"
"Columbus,3,2888,5,3,1,1,5136,477100"
"Seattle,2,2558,4,2,65,1,8087,1013300"
"Seattle,2,2128,4,3,60,1,7251,950300"
"Boston,1,2008,3,2,21,0,7134,982200"
"Austin,2,2797,5,3,25,1,9931,1212500"
"Denver,2,2687,5,3,61,1,9200,861600"
"Chicago,2,2653,6,4,64,1,6584,756900"
"Austin,2,2197,6,4,5,2,6474,849900"
"New York,1,1673,1,1,28,1,6025,1272800"
"Columbus,3,2399,2,1,49,2,5702,356500"
"Seattle,2,2430,4,2,10,0,7480,958400"
"Indianapolis,3,1776,3,2,79,1,2925,257400"
"New York,1,1672,3,2,16,0,4650,1170300"
"Denver,2,2637,5,3,69,1,4206,785200"
"Denver,2,2982,4,3,5,2,9092,1082200"
"Phoenix,3,1413,2,1,70,2,3186,274500"
"New York,1,1729,2,2,3,1,3178,1201500"
"Columbus,3,2128,3,2,54,1,4703,312100"
"Denver,2,2216,4,3,28,1,7011,822200"
"Denver,2,1560,2,1,36,3,5838,507000"
"Austin,2,3124,5,3,8,1,3847,1029600"
"San Francisco,1,2174,4,2,54,0,3631,1663700"
"Austin,2,2245,3,2,49,0,7130,753000"
"Boston,1,3043,5,3,25,3,8497,1639700"
"Seattle,2,1608,2,1,37,3,3367,684800"
"Chicago,2,1843,2,2,44,1,5575,572500"
"Austin,2,1085,2,1,55,0,3937,360900"
"San Francisco,1,1788,3,2,43,2,3437,1461600"
"San Francisco,1,932,1,1,4,1,2386,831100"
"New York,1,2386,5,4,43,0,3002,1961800"
"New York,1,2173,5,3,27,1,8363,1470600"
"Denver,2,1720,2,2,32,1,5925,548300"
"New York,1,1835,4,3,29,1,4797,1311100"
"Columbus,3,2395,2,1,28,2,9526,390600"
"New York,1,1162,3,2,18,2,2111,931800"
"San Francisco,1,2033,3,3,26,1,6675,1881800"
"Columbus,3,2355,4,2,56,0,7900,378800"
"Boston,1,742,1,1,17,0,2617,443100"
"Austin,2,2345,4,2,60,2,7312,749700"
"Indianapolis,3,812,1,1,35,1,1408,137400"
"Indianapolis,3,1824,3,2,48,1,2655,266700"
"Chicago,2,1144,3,2,9,0,1951,373200"
"San Francisco,1,2830,4,2,16,1,10197,2524800"
"Denver,2,1148,3,2,72,1,2670,319800"
"Indianapolis,3,827,1,1,66,1,2257,145300"
"Indianapolis,3,1987,4,3,5,2,2526,334100"
"San Francisco,1,1631,1,1,72,1,4201,1190500"
"Seattle,2,922,1,1,66,2,2163,336600"
"Boston,1,2242,3,3,10,2,6046,1203300"
"New York,1,606,2,2,19,1,1364,488100"
"Chicago,2,1226,2,2,14,2,1730,409500"
"Boston,1,1526,1,1,68,3,2019,697800"
"Seattle,2,2421,3,2,68,0,9344,909100"
"San Francisco,1,2742,4,3,57,2,7926,1561900"
"Austin,2,2617,5,4,20,2,7855,1185300"
"New York,1,1800,3,2,73,2,6774,1033400"
"Austin,2,500,1,1,67,0,1371,180700"
"New York,1,2154,3,2,69,0,6297,1231900"
"Indianapolis,3,2856,5,3,28,1,7610,483500"
"New York,1,2702,3,2,56,0,4574,1585700"
"Austin,2,2201,4,2,54,1,4561,647400"
"New York,1,1127,2,1,12,2,4143,940200"
"San Francisco,1,1559,2,2,46,1,3808,1030100"
"New York,1,3157,5,3,43,1,5593,1915000"
"San Francisco,1,979,2,1,46,1,3445,879100"
"New York,1,1154,2,1,27,1,1667,967300"
"Austin,2,2513,3,1,53,2,7516,709300"
"Chicago,2,1620,3,2,70,2,5120,397800"
"San Francisco,1,1132,2,2,48,1,2321,955400"
"Austin,2,2893,5,3,69,1,4823,680700"
"Denver,2,2200,4,3,61,1,5401,777800"
"New York,1,1652,2,1,25,3,5475,1029100"
"Seattle,2,1155,2,1,58,1,4254,465100"
"San Francisco,1,3231,5,4,53,1,11253,2539300"
"New York,1,1884,2,2,75,1,2839,1161200"
"Austin,2,2808,5,3,27,0,5121,818100"
"Indianapolis,3,2481,3,1,13,1,7263,450600"
"Indianapolis,3,1561,3,2,54,3,4976,176600"
"Indianapolis,3,1567,2,1,50,0,1919,182400"
"Austin,2,2840,4,2,49,1,4542,816700"
"San Francisco,1,2851,5,3,59,1,4172,1859000"
"Seattle,2,680,1,1,40,1,1465,379200"
"New York,1,2257,4,2,2,3,7011,1294700"
"San Francisco,1,1821,3,3,70,2,6994,1688500"
"San Francisco,1,1228,1,1,22,3,1781,994100"
"Austin,2,2070,4,3,19,2,5417,635400"
"Seattle,2,1023,2,1,65,2,2294,323400"
"New York,1,1597,3,1,63,1,3698,996700"
"Chicago,2,1381,3,2,40,1,1920,357200"
"Seattle,2,1575,3,2,55,2,3161,682600"
"Columbus,3,1854,3,2,6,2,3535,330700"
"Boston,1,1240,2,2,22,1,3982,743700"
"Denver,2,2923,3,2,19,1,8761,883700"
"New York,1,2221,4,3,33,2,6622,1454600"
"Austin,2,3066,5,4,28,1,8137,1158500"
"New York,1,1796,3,2,5,1,3875,1312500"
"New York,1,1543,1,1,55,1,2905,1064400"
"Denver,2,3043,5,3,47,1,3748,1008900"
"Boston,1,1524,3,1,30,1,2460,715600"
"New York,1,1784,3,2,71,2,3239,1146600"
"Indianapolis,3,2368,4,2,28,2,9310,417900"
"San Francisco,1,1095,2,1,9,1,4289,692700"
"Denver,2,2362,3,1,67,1,7911,671400"
"Denver,2,2279,4,3,10,0,6629,735800"
"Boston,1,2725,3,2,5,0,8373,1353700"
"Austin,2,2479,4,3,37,1,7143,760200"
"San Francisco,1,2745,4,3,46,2,8266,2384500"
"Chicago,2,1828,2,1,22,2,3316,454600"
"New York,1,1339,2,1,67,1,5269,826800"
"New York,1,3271,6,5,22,2,10855,2069600"
"Boston,1,908,2,2,77,1,1685,488700"
"Columbus,3,973,2,1,51,2,2567,138100"
"Phoenix,3,2267,2,1,14,1,7730,572500"
"Indianapolis,3,2956,4,2,32,2,11089,521800"
"Chicago,2,2023,3,1,6,1,4602,526400"
"Chicago,2,2550,4,2,67,0,6514,691900"
"Austin,2,603,1,1,51,1,1247,238300"
"Columbus,3,1575,4,2,34,2,3551,356000"
"Austin,2,682,1,1,54,3,1253,303500"
"Seattle,2,2407,4,3,49,2,3090,1228900"
"Chicago,2,894,2,1,47,2,2115,222900"
"Denver,2,1069,2,1,31,0,2691,374400"
"New York,1,2234,5,3,28,2,7559,1248400"
"Seattle,2,2590,3,2,20,2,6898,1016300"
"Boston,1,1797,2,1,62,1,3799,1002500"
"Columbus,3,2271,3,2,37,1,5671,391800"
"Seattle,2,2250,5,3,37,0,7716,1078800"
"Phoenix,3,1760,3,1,57,1,4482,361800"
"Austin,2,1188,1,1,42,0,3272,424800"
"Phoenix,3,2267,3,2,76,2,3819,383800"
"New York,1,2299,5,3,19,2,2808,1444600"
"Indianapolis,3,2481,4,3,3,0,9435,382500"
"Austin,2,2103,4,3,33,3,4101,503700"
"Boston,1,1140,2,1,42,2,2477,571400"
"Boston,1,2349,4,3,65,1,3574,1079300"
"Boston,1,1899,3,2,50,3,5007,846500"
"Seattle,2,1586,2,1,75,2,5177,614500"
"Chicago,2,1708,3,2,6,1,5331,552000"
"Indianapolis,3,1451,1,1,42,3,5217,260300"
"Chicago,2,2478,4,2,66,1,4962,516000"
"Denver,2,978,2,1,40,1,2035,305500"
"Austin,2,1254,3,2,22,1,4895,550600"
"Phoenix,3,1686,3,2,61,2,4179,367100"
"Columbus,3,2949,4,3,69,3,10430,547600"
"Boston,1,2585,5,3,20,1,7528,1460200"
"Indianapolis,3,833,2,2,44,1,1421,200400"
"Seattle,2,2778,5,3,64,1,10781,1091500"
"Phoenix,3,2777,5,3,12,2,5855,700700"
"Indianapolis,3,1137,2,1,0,0,3408,194800"
"Chicago,2,500,1,1,59,1,956,200600"
"New York,1,1853,3,1,60,1,5210,1251200"
"Denver,2,2630,3,2,12,0,7141,870700"
"New York,1,2934,4,2,47,3,5665,2104300"
"Phoenix,3,1334,1,1,57,3,5294,238500"
"Boston,1,3039,5,3,77,1,4844,1142800"
"Chicago,2,500,1,1,64,2,1220,162900"
"Columbus,3,1661,2,1,17,2,2139,306300"
"New York,1,1629,3,2,46,0,5069,1370000"
"Seattle,2,2649,4,2,58,0,6606,908800"
"Chicago,2,2744,5,3,21,2,7596,899400"
"Seattle,2,2520,5,2,13,1,7953,1055400"
"New York,1,1022,2,1,34,2,3413,740100"
"San Francisco,1,2461,3,1,57,1,9609,1799200"
"Seattle,2,2231,4,3,42,2,8074,931400"
"Chicago,2,814,1,1,48,1,1715,250600"
"Denver,2,556,1,1,53,1,1799,198600"
"New York,1,2575,3,2,76,1,3638,1292100"
"Austin,2,1783,2,1,50,1,2820,544800"
"Seattle,2,1065,2,1,10,2,2649,567700"
"Boston,1,1765,3,2,32,2,4389,729100"
"Chicago,2,2137,4,2,13,1,5591,648000"
"Boston,1,1846,4,3,60,2,4671,1016100"
"Denver,2,891,2,2,79,1,2669,331300"
"Indianapolis,3,3126,5,3,61,1,12104,465500"
"Denver,2,2553,4,3,19,3,4298,645500"
"Denver,2,1682,2,1,55,1,3702,534600"
"San Francisco,1,1708,2,1,1,2,2405,1555100"
"New York,1,2134,3,2,21,0,3756,1295100"
"San Francisco,1,1166,1,1,24,1,4623,973200"
"Phoenix,3,2110,3,1,37,2,2766,436100"
"Phoenix,3,1035,3,2,25,2,1861,333200"
"New York,1,1854,3,2,34,1,4439,1216000"
"New York,1,1140,1,1,0,2,2302,970300"
"Seattle,2,1173,2,1,65,2,3198,507600"
"Denver,2,2970,3,1,31,2,11801,933100"
"Chicago,2,1938,3,2,64,1,6145,576400"
"Chicago,2,2035,4,2,4,1,4755,532500"
"Columbus,3,593,1,1,69,2,1846,116500"
"Boston,1,1512,1,1,50,2,5507,721100"
"Chicago,2,2200,3,2,18,1,4051,486400"
"Denver,2,2026,4,3,60,1,6498,730500"
"Boston,1,500,1,1,59,1,1460,298900"
"Columbus,3,2035,2,1,58,0,6623,306200"
"San Francisco,1,2138,5,3,69,1,3069,1549300"
"Chicago,2,2734,3,2,76,2,8892,666600"
"Chicago,2,1474,2,1,13,2,5021,488800"
"Columbus,3,500,1,1,22,3,1562,154600"
"Austin,2,1252,1,1,3,2,2194,450400"
"Seattle,2,1187,2,1,5,1,1961,533300"
"Phoenix,3,2379,4,2,8,2,7773,527000"
"Phoenix,3,500,2,1,55,2,1507,127900"
"Austin,2,1609,2,2,48,2,6362,594200"
"Phoenix,3,2827,4,3,2,1,6992,541200"
"Boston,1,1905,3,1,33,2,3509,799500"
"Denver,2,2483,4,2,8,0,8331,1114000"
"Columbus,3,833,1,1,15,1,2745,234200"
"Boston,1,859,2,2,4,1,2288,548900"
"Austin,2,2834,4,2,42,1,9321,1021900"
"Indianapolis,3,1966,3,2,6,2,4069,369300"
"Phoenix,3,1967,3,2,62,1,3549,367900"
"Columbus,3,1173,3,1,74,0,1822,179500"
"Seattle,2,1966,5,4,68,2,3958,805300"
"Indianapolis,3,1155,2,1,65,2,3503,202800"
"New York,1,2671,4,3,60,1,5138,1950400"
"Austin,2,3673,6,3,72,1,13493,1383500"
"Austin,2,2215,3,2,70,1,4207,701700"
"Phoenix,3,1487,3,2,17,2,4634,458500"
"Columbus,3,500,1,1,48,2,1339,119200"
"Chicago,2,805,1,1,24,1,1443,328300"
"Chicago,2,2911,5,3,66,3,8027,706200"
"Austin,2,1231,2,2,0,2,4768,448300"
"Austin,2,1659,2,2,33,2,6377,753500"
"Austin,2,2326,4,3,30,0,4690,845100"
"San Francisco,1,2863,5,3,68,3,7736,2294800"
"Austin,2,1770,3,1,23,1,2872,582000"
"Columbus,3,1637,3,1,71,1,4114,223000"
"Chicago,2,1947,3,1,39,1,4089,459300"
"Phoenix,3,1492,2,2,54,1,5673,320200"
"Seattle,2,1527,2,1,42,1,4537,629500"
"Austin,2,2168,4,2,34,0,3724,548500"
"San Francisco,1,2020,3,2,24,1,8037,1959900"
"Seattle,2,3286,5,3,22,1,10330,1293600"
"Austin,2,2185,3,2,51,2,3446,809700"
"Boston,1,2648,5,3,26,2,9106,1192600"
"San Francisco,1,1204,1,1,69,1,3324,905600"
"Chicago,2,2241,5,3,10,0,5201,713800"
"Austin,2,1430,3,1,17,1,2502,578900"
"Seattle,2,2157,3,2,3,2,4267,917400"
"Boston,1,2348,4,2,69,2,3917,1104000"
"Denver,2,1932,4,2,33,1,6664,690400"
"Austin,2,3465,5,3,2,3,6806,1155000"
"Austin,2,2828,3,2,3,2,7115,837900"
"Denver,2,2665,3,2,73,2,10421,726100"
"San Francisco,1,2397,4,2,70,2,9551,1735700"
"Columbus,3,3046,3,2,22,1,10404,498900"
"San Francisco,1,966,1,1,51,3,3320,964300"
"Austin,2,2791,5,2,20,3,10733,1096800"
"New York,1,1256,2,1,67,2,4309,753200"
"Austin,2,1533,2,1,57,2,3775,617100"
"Boston,1,2265,3,3,35,3,3100,1069700"
"Columbus,3,2702,3,2,74,2,4819,419500"
"Seattle,2,1150,2,1,17,1,2811,482600"
"Chicago,2,1567,2,1,79,1,3045,344200"
"Boston,1,1963,3,1,23,2,4165,1066000"
"San Francisco,1,1779,3,2,71,2,2428,1179200"
"Seattle,2,2455,4,2,68,1,6741,965400"
"Denver,2,4133,6,3,45,1,9028,1262000"
"Austin,2,2173,2,1,9,3,4182,661800"
"Indianapolis,3,1422,2,1,60,1,4137,160400"
"Chicago,2,1057,2,1,55,0,2088,307700"
"Indianapolis,3,1689,2,1,69,2,4279,309300"
"Boston,1,1289,1,1,18,1,2436,686100"
"Phoenix,3,2204,3,1,19,1,6844,495100"
"Denver,2,2194,4,3,28,2,7880,661900"
"Denver,2,1599,3,2,29,3,2285,642500"
"Indianapolis,3,3190,6,4,0,1,11151,495900"
"Chicago,2,1422,3,2,12,1,5098,516900"
"Columbus,3,1822,3,2,38,1,7109,348800"
"Chicago,2,2315,4,2,77,2,8144,630300"
"New York,1,2480,4,2,10,1,6812,1809100"
"Chicago,2,2730,4,2,19,1,3813,752100"
"Austin,2,2179,4,2,68,2,3069,709100"
"Columbus,3,2583,3,2,3,3,4522,500500"
"Phoenix,3,1468,2,1,7,1,3599,310600"
"San Francisco,1,2497,5,3,71,1,9676,1848900"
"New York,1,2488,4,3,20,2,4207,1977900"
"San Francisco,1,2883,4,3,24,1,7809,2271100"
"Austin,2,816,1,1,1,2,3260,372000"
"San Francisco,1,1310,1,1,32,1,1623,1149900"
"Chicago,2,2435,5,3,79,0,3242,636500"
"Denver,2,500,1,1,78,0,978,122100"
"Phoenix,3,2220,3,1,51,0,4064,439300"
"Boston,1,2589,4,2,54,2,6721,1201600"
"Austin,2,1525,2,2,51,2,3625,570400"
"New York,1,1620,2,2,55,2,4591,1086100"
"Columbus,3,1202,1,1,41,2,1937,222600"
"New York,1,1561,1,1,16,1,4871,847600"
"San Francisco,1,1580,1,1,69,3,2846,1037300"
"New York,1,1456,1,1,70,2,3590,998800"
"Phoenix,3,1421,3,2,11,1,1838,443700"
"San Francisco,1,1724,2,1,7,2,5920,1493200"
"Denver,2,1716,3,2,63,2,5072,491400"
"Phoenix,3,3118,5,4,3,1,5564,660300"
"Phoenix,3,1644,3,2,64,0,4743,286000"
"New York,1,2124,3,2,78,1,5148,1516100"
"San Francisco,1,1525,2,2,2,3,5358,1353500"
"Austin,2,1517,2,2,63,2,5999,589400"
"New York,1,792,2,1,10,2,1227,654200"
"Chicago,2,879,3,2,23,3,2261,378600"
"Seattle,2,1115,3,2,43,1,2144,412200"
"Austin,2,2019,2,1,54,3,6661,669500"
"New York,1,2600,4,3,7,1,3371,1859300"
"Denver,2,739,1,1,8,2,2014,315500"
"New York,1,1543,3,2,22,1,5555,1168300"
"Chicago,2,1012,1,1,54,1,2317,283500"
"San Francisco,1,1728,1,1,32,1,6128,1515200"
"Indianapolis,3,2599,5,2,22,1,4188,413100"
"Chicago,2,1610,2,2,12,0,6072,501700"
"New York,1,1869,2,1,77,1,6385,1280100"
"San Francisco,1,2846,4,3,56,2,6532,1784600"
"Seattle,2,2198,4,3,78,3,3442,793600"
"New York,1,1406,2,1,39,0,3736,782800"
"New York,1,2003,3,3,65,0,6164,1380100"
"Columbus,3,1362,1,1,51,1,2126,223900"
"Denver,2,2173,2,1,42,2,8285,784700"
"New York,1,2235,4,1,37,2,7455,1561900"
"Denver,2,1011,2,1,40,3,3907,350400"
"Boston,1,2014,3,2,32,1,4104,970700"
"Indianapolis,3,1824,2,1,51,1,4402,196700"
"San Francisco,1,2254,4,2,39,3,4220,1666700"
"Chicago,2,2440,4,2,77,2,4798,423600"
"Phoenix,3,2210,4,2,71,1,3551,420100"
"San Francisco,1,1703,2,1,37,3,2641,1283400"
"New York,1,2507,4,2,31,1,7717,1642700"
"Seattle,2,1333,2,1,60,1,2185,470100"
"Columbus,3,1042,1,1,51,0,1640,153600"
"Denver,2,500,1,1,18,2,1348,271500"
"Chicago,2,1854,2,1,66,2,5879,384500"
"Phoenix,3,1366,2,2,54,1,4615,308500"
"Phoenix,3,2159,2,1,49,1,6098,369300"
"Austin,2,619,1,1,62,1,1092,177100"
"Austin,2,1479,2,2,18,0,4149,623300"
"Chicago,2,2206,3,2,63,2,6513,653100"
"Boston,1,1231,2,1,9,1,2367,612600"
"Columbus,3,2166,3,2,63,2,3475,308700"
"San Francisco,1,1538,2,1,47,2,5832,1180500"
"New York,1,1879,3,2,46,1,2760,1106300"
"Phoenix,3,2287,4,3,58,2,4519,419100"
"Seattle,2,2519,4,3,24,2,4655,1120200"
"New York,1,1960,3,1,61,1,7247,1579400"
"New York,1,1371,2,1,2,1,3572,968300"
"Denver,2,1602,2,1,55,2,6213,566700"
"Columbus,3,2314,5,3,63,2,8143,409000"
"San Francisco,1,1236,2,2,0,2,4096,904100"
"San Francisco,1,1784,3,2,55,1,3024,1343700"
"Austin,2,1649,2,1,61,2,3569,519000"
"Indianapolis,3,1833,3,2,41,2,6410,346300"
"Boston,1,1244,1,1,48,1,4919,711500"
"Indianapolis,3,696,1,1,4,1,2546,175200"
"Columbus,3,2238,4,3,79,1,8629,409000"
"Boston,1,2527,4,3,77,2,7574,1123400"
"Phoenix,3,735,1,1,61,1,1876,179800"
"Chicago,2,2140,3,2,1,2,5652,630300"
"Austin,2,2604,4,3,34,1,6468,988000"
"Austin,2,2287,3,2,65,2,3736,816000"
"Phoenix,3,1629,3,2,54,1,3349,357900"
"Phoenix,3,1287,1,1,72,2,1870,214300"
"Phoenix,3,1953,1,1,49,1,2828,336300"
"Indianapolis,3,2061,2,2,57,2,4273,313600"
"Austin,2,1962,3,2,26,3,6014,788800"
"Phoenix,3,1783,1,1,65,0,5203,322900"
"Columbus,3,1196,1,1,42,0,3309,193800"
"New York,1,2175,2,2,64,0,7171,1398800"
"San Francisco,1,2206,3,1,16,1,5258,1656200"
"Seattle,2,2031,4,2,21,2,4951,864500"
"Columbus,3,1972,3,2,7,0,5227,439700"
"Boston,1,2992,5,2,54,2,4148,1248300"
"Chicago,2,1494,3,2,58,1,4226,429000"
"San Francisco,1,2733,4,3,22,3,9021,2220100"
"Seattle,2,1423,2,1,30,1,2758,521900"
"Denver,2,2621,5,3,45,3,9419,720300"
"New York,1,2702,4,3,60,1,5256,1694300"
"Columbus,3,1710,3,2,24,3,4509,250800"
"New York,1,2980,4,2,39,2,10873,2392900"
"Columbus,3,2205,3,2,14,1,7203,375700"
"New York,1,1330,3,2,64,2,3741,862600"
"Indianapolis,3,1657,2,2,69,1,4878,265900"
"Denver,2,2636,5,3,59,1,3967,761600"
"San Francisco,1,2500,3,1,65,1,7895,1965200"
"San Francisco,1,1212,3,1,61,2,3531,896200"
"San Francisco,1,1809,3,2,66,2,2599,1358400"
"Denver,2,2032,2,1,34,1,3146,674800"
"Phoenix,3,1570,3,1,16,2,6153,335700"
"Seattle,2,3433,5,3,76,1,5832,1368000"
"Austin,2,2052,3,2,0,0,7609,534100"
"Denver,2,1860,3,2,32,0,3669,671100"
"Denver,2,2674,4,2,58,0,6175,715800"
"Chicago,2,1663,3,2,63,2,4582,438800"
"Austin,2,2555,4,3,54,1,7543,829300"
"Chicago,2,816,1,1,39,0,2117,213400"
"Indianapolis,3,1605,2,2,73,1,3492,189400"
"Seattle,2,2582,4,2,18,2,6704,1162000"
"San Francisco,1,2921,5,3,11,2,9236,2486600"
"New York,1,1397,2,1,50,1,3227,823400"
"Denver,2,1322,3,2,25,2,3605,515900"
"Seattle,2,2269,4,3,37,0,5132,1002200"
"Indianapolis,3,1495,2,1,36,2,3175,224600"
"Chicago,2,1725,2,1,21,1,3513,398200"
"Austin,2,2470,4,2,79,0,4513,730900"
"Phoenix,3,1546,2,2,30,1,5148,361100"
"Boston,1,622,2,1,53,0,2460,333300"
"Phoenix,3,1054,2,1,12,1,1350,243700"
"San Francisco,1,1906,3,2,79,2,3334,1470900"
"Denver,2,689,2,2,78,1,2687,270400"
"Indianapolis,3,1707,3,2,5,0,3682,261700"
"Phoenix,3,995,2,1,51,2,2278,216700"
"Columbus,3,2966,5,3,47,2,9065,647700"
"Seattle,2,3307,6,4,13,3,7234,1459200"
"Phoenix,3,1212,2,1,61,1,3126,205200"
"Denver,2,2067,3,2,61,2,7693,603700"
"Denver,2,1276,1,1,67,2,3549,348200"
"San Francisco,1,1699,2,1,48,1,5211,1354400"
"New York,1,3072,4,2,56,1,5554,1975800"
"Denver,2,1597,1,1,57,1,3086,424500"
"San Francisco,1,1714,3,2,61,1,6336,1621600"
"Phoenix,3,1287,2,2,46,2,4851,300400"
"Columbus,3,2645,3,2,59,2,9150,394000"
"Indianapolis,3,500,1,1,4,1,771,119300"
"San Francisco,1,1612,2,1,49,1,5629,1108000"
"Indianapolis,3,1870,3,1,16,3,2345,255300"
"San Francisco,1,1470,2,1,32,1,4219,1144800"
"Austin,2,2461,3,2,61,1,7606,698300"
"Columbus,3,2681,4,3,9,3,6418,524100"
"San Francisco,1,982,1,1,60,1,2496,702800"
"San Francisco,1,3261,5,3,20,2,10687,2801400"
"San Francisco,1,975,1,1,60,2,3613,827200"
"Austin,2,2738,4,2,61,1,4737,907200"
"Phoenix,3,1997,3,2,1,1,3171,486800"
"New York,1,1573,4,2,18,2,4662,1444000"
"New York,1,1634,1,1,64,0,3017,889600"
"Denver,2,1878,4,2,27,1,3275,672600"
"New York,1,2035,1,1,35,1,3601,1356200"
"Chicago,2,1302,3,2,1,2,2280,490800"
"Indianapolis,3,1748,1,1,55,1,4433,239800"
"Phoenix,3,1399,4,2,7,1,5457,416900"
"Columbus,3,1110,1,1,21,1,3906,187300"
"Austin,2,1369,3,2,38,1,3726,442700"
"Phoenix,3,1153,3,1,61,2,1646,224300"
"New York,1,1627,2,1,39,2,5018,1095800"
"San Francisco,1,2181,3,2,78,1,5372,1588700"
"Chicago,2,1978,2,2,41,2,6684,490600"
"San Francisco,1,3183,5,3,20,2,8222,2172800"
"Columbus,3,500,1,1,15,2,1536,140900"
"Chicago,2,2205,3,1,62,1,3881,417800"
"Indianapolis,3,1904,3,2,36,0,6727,284000"
"Boston,1,2430,3,1,48,2,8219,1108600"
"Austin,2,2366,3,2,29,2,5317,839200"
"Phoenix,3,1793,3,1,21,2,6989,414200"
"Boston,1,2012,3,2,47,1,3318,1120000"
"Denver,2,1416,2,2,23,0,1779,512700"
"Chicago,2,2299,5,3,79,1,7671,640900"
"Indianapolis,3,679,1,1,58,1,1957,119600"
"Phoenix,3,2405,3,2,65,1,3633,460200"
"New York,1,1885,3,3,22,1,3104,1269200"
"Austin,2,1583,3,2,2,0,2480,598000"
"Denver,2,1749,2,2,3,1,2916,728700"
"New York,1,1797,3,2,68,3,4478,1173600"
"Austin,2,2743,4,2,69,1,3683,692400"
"Boston,1,4002,5,3,54,1,10622,1914500"
"New York,1,2693,5,2,47,2,7796,1954400"
"Austin,2,1533,3,3,16,1,4962,612000"
"New York,1,2309,3,2,60,0,8887,1147700"
"Denver,2,2338,3,2,41,1,3346,799000"
"New York,1,1299,2,1,48,1,1687,878800"
"Chicago,2,1080,1,1,1,1,1717,335800"
"New York,1,1859,4,3,41,1,3987,1454200"
"Columbus,3,2425,3,1,55,1,6477,276800"
"San Francisco,1,852,2,1,61,1,1033,676600"
"Austin,2,1431,2,1,11,1,4491,504800"
"Seattle,2,2272,3,2,2,2,8814,1207500"
"New York,1,1927,4,2,68,1,3660,1265000"
"Austin,2,2821,4,2,24,1,3455,813400"
"Columbus,3,983,2,1,37,0,3253,213400"
"Columbus,3,3429,6,4,50,2,11508,398600"
"Boston,1,900,1,1,39,1,1190,483400"
"New York,1,581,1,1,75,2,1701,343300"
"Chicago,2,1862,2,1,67,1,3500,416000"
"Denver,2,1163,2,2,31,3,3456,425800"
"New York,1,1875,3,1,15,1,6063,1444200"
"Phoenix,3,1852,4,2,78,2,3377,444600"
"Austin,2,1773,3,2,56,1,3422,456100"
"Chicago,2,1352,1,1,60,1,3938,360800"
"Seattle,2,2181,2,2,37,2,6173,1144600"
"Austin,2,1694,5,3,38,3,6236,615400"
"New York,1,2617,4,2,14,2,6880,1637400"
"Phoenix,3,1783,3,2,34,1,6132,399700"
"New York,1,1273,2,1,43,1,4137,964400"
"Phoenix,3,803,1,1,10,1,2460,244500"
"Phoenix,3,1788,2,1,50,2,3106,331000"
"Phoenix,3,1075,3,2,49,1,2122,223700"
"San Francisco,1,1023,2,1,67,1,2851,909900"
"Boston,1,2243,3,1,4,0,3106,953900"
"Austin,2,745,1,1,18,3,988,260800"
"Denver,2,2818,4,3,34,0,3775,686600"
"Columbus,3,2004,3,2,70,1,7574,295700"
"Seattle,2,1872,4,3,19,1,5857,1009600"
"Columbus,3,1227,2,1,77,1,4347,162800"
"New York,1,2397,3,2,76,1,9342,1794200"
"Seattle,2,1898,3,2,7,2,6003,1007000"
"San Francisco,1,1454,2,1,29,1,3843,1195300"
"Phoenix,3,2030,2,1,20,1,5159,289100"
"New York,1,806,2,1,39,1,2651,525500"
"Boston,1,837,2,2,73,1,3038,386000"
"Phoenix,3,1172,2,1,30,2,4129,342000"
"Denver,2,2127,3,2,53,1,5488,596400"
"San Francisco,1,1898,3,2,10,2,6388,1433200"
"San Francisco,1,2582,3,2,45,1,6544,1972700"
"Austin,2,1302,2,1,28,1,2964,391200"
"Boston,1,2274,4,2,73,1,4624,995600"
"New York,1,1826,2,1,62,1,2470,1016800"
"Denver,2,1287,3,2,17,1,2269,618400"
"New York,1,2150,4,2,49,1,6975,1269700"
"Denver,2,1857,2,1,27,2,3121,717700"
"Seattle,2,1491,1,1,34,0,5551,541700"
"New York,1,1927,2,1,37,1,2736,1274500"
"New York,1,1816,4,3,65,1,2439,1253400"
"New York,1,1800,3,1,23,1,4585,1249200"
"San Francisco,1,1632,4,3,0,1,2976,1425300"
"Boston,1,1052,2,1,15,1,1566,628700"
"Columbus,3,1949,3,1,66,1,2666,296100"
"Phoenix,3,1378,1,1,23,2,3688,304700"
"Seattle,2,1237,2,1,4,0,2383,531100"
"Denver,2,1744,3,2,32,1,4807,561800"
"Denver,2,2377,3,2,69,2,3839,662100"
"Phoenix,3,2021,4,3,69,1,2563,375200"
"New York,1,1555,2,1,75,2,1985,967300"
"Boston,1,1529,3,2,54,1,2317,596600"
"Boston,1,2313,2,1,65,1,7931,890200"
"San Francisco,1,500,3,2,61,0,1228,508100"
"Boston,1,2418,3,1,1,2,7125,864400"
"Columbus,3,682,2,1,33,1,2489,183500"
"Columbus,3,980,2,2,42,0,1759,172600"
"San Francisco,1,1566,2,1,37,1,5700,1487800"
"Austin,2,3311,6,3,66,0,10886,1204900"
"Seattle,2,2990,5,3,78,1,9691,1123300"
"Austin,2,2359,3,2,43,0,8582,756100"
"Denver,2,2132,3,1,7,2,3310,817500"
"San Francisco,1,690,1,1,28,3,1872,767900"
"Columbus,3,2002,3,1,15,3,5113,405600"
"Indianapolis,3,1543,3,3,37,1,4720,299600"
"Chicago,2,1369,3,2,18,1,2555,364700"
"Chicago,2,2001,3,2,6,2,3115,587100"
"Austin,2,1594,3,2,13,2,6257,568800"
"Seattle,2,2465,2,2,39,1,6172,851800"
"New York,1,642,1,1,11,2,1187,578400"
"Denver,2,1949,3,2,2,1,3041,618900"
"San Francisco,1,1329,3,3,22,2,3804,1152500"
"Phoenix,3,1634,3,2,51,3,2637,325100"
"Austin,2,2098,4,3,50,3,3593,611300"
"Seattle,2,1174,2,1,31,1,4539,653700"
"Seattle,2,2007,3,1,53,1,2572,790100"
"Indianapolis,3,1762,3,2,15,2,3036,244400"
"New York,1,1471,3,2,57,2,4530,1033800"
"New York,1,1594,2,1,1,1,2881,1335200"
"New York,1,1800,4,2,10,1,3077,1421500"
"Chicago,2,1401,1,1,73,1,3864,314500"
"Indianapolis,3,1905,3,1,37,1,5998,270700"
"New York,1,1719,3,2,44,3,4136,1051000"
"Columbus,3,1503,2,2,31,2,5092,260700"
"Boston,1,2933,4,2,51,1,10214,1229000"
"Chicago,2,2170,3,1,59,1,6390,443500"
"San Francisco,1,1651,3,2,62,1,4652,1196500"
"Austin,2,1995,3,2,19,1,6954,745800"
"Chicago,2,1233,1,1,50,0,1531,291600"
"Denver,2,1616,3,2,62,2,4250,521100"
"New York,1,1692,3,2,33,2,2640,1390700"
"Phoenix,3,1090,2,1,30,1,1984,306900"
"Indianapolis,3,2152,4,2,50,3,8301,337200"
"Austin,2,1571,4,2,45,3,1902,623200"
"Chicago,2,1669,3,2,20,2,3438,481600"
"Phoenix,3,1530,2,2,76,3,2497,278500"
"Boston,1,3823,6,4,44,1,10694,1512000"
"Columbus,3,1469,2,2,45,3,5235,279600"
"Boston,1,555,1,1,16,3,1273,442900"
"Phoenix,3,860,1,1,54,2,3048,168300"
"New York,1,2394,3,1,73,1,5824,1413400"
"Boston,1,2769,5,3,58,1,10371,1239000"
"Denver,2,1457,2,1,40,1,5204,487600"
"Austin,2,2731,3,3,50,2,4645,898400"
"Columbus,3,2382,3,2,18,1,8761,443600"
"Indianapolis,3,1777,4,2,4,2,3091,384500"
"San Francisco,1,1731,3,2,51,2,4454,1214100"
"Boston,1,2018,3,1,14,1,3529,858500"
"Seattle,2,2470,4,2,7,0,5637,1072600"
"Austin,2,2158,5,4,61,2,8545,902200"
"Austin,2,1460,3,2,34,1,4880,446100"
"Columbus,3,1787,1,2,68,3,4917,294700"
"Phoenix,3,3188,7,5,69,2,12176,641800"
"San Francisco,1,2063,2,2,9,1,4553,1803700"
"Austin,2,2465,4,3,61,1,4153,840300"
"Denver,2,2251,3,2,26,2,7926,738300"
"Austin,2,2078,3,2,56,2,2564,702500"
"New York,1,1971,3,2,3,1,6806,1297600"
"Seattle,2,2483,2,1,37,3,3132,1069400"
"Seattle,2,2367,4,2,50,1,4725,1099900"
"New York,1,2072,4,2,35,0,4549,1388400"
"Phoenix,3,1449,2,2,44,1,3031,290300"
"Seattle,2,2151,2,1,0,2,4047,906000"
"Denver,2,1856,3,3,0,3,2789,727600"
"Austin,2,1700,2,1,48,0,2055,525300"
"Columbus,3,3641,5,3,33,1,12267,502200"
"New York,1,900,1,1,46,1,2231,703300"
"New York,1,2523,4,3,28,2,4172,1485200"
"Boston,1,1339,2,1,0,2,1915,757300"
"Austin,2,1985,2,1,56,1,3930,476900"
"Boston,1,3570,5,3,10,2,7826,1690200"
"Phoenix,3,1274,2,1,62,2,3175,256200"
"Boston,1,1429,2,1,0,2,2119,577900"
"San Francisco,1,1889,3,3,74,2,7450,1521300"
"Seattle,2,1349,3,2,20,0,2634,536100"
"Phoenix,3,2475,4,2,71,3,6028,477200"
"Columbus,3,1553,2,1,0,1,4947,289200"
"Chicago,2,2325,4,2,36,3,4809,516400"
"Denver,2,1036,1,1,33,1,1483,304500"
"Chicago,2,726,1,1,13,2,1637,240800"
"Chicago,2,1751,3,2,38,1,4812,541400"
"New York,1,880,2,2,17,0,3130,781000"
"Denver,2,2887,4,3,34,3,6439,1133900"
"Phoenix,3,906,1,1,29,1,3344,212100"
"Boston,1,1226,3,2,15,0,3346,623500"
"Chicago,2,2169,4,3,63,2,6960,589100"
"Austin,2,1519,3,2,41,1,1951,502700"
"Austin,2,913,1,1,67,1,3385,285900"
"San Francisco,1,3226,4,3,65,3,5799,2381100"
"Chicago,2,1249,3,2,20,1,2638,426900"
"Columbus,3,1772,3,2,23,0,4725,235300"
"New York,1,1764,2,1,76,2,6858,1045700"
"Seattle,2,2362,3,3,25,2,5121,833900"
"San Francisco,1,2201,3,1,7,1,4000,1684700"
"San Francisco,1,1363,3,2,43,1,5302,1185900"
"Indianapolis,3,1688,3,2,77,1,5847,270100"
"Austin,2,1753,3,2,18,0,5360,599700"
"Seattle,2,2387,0,2,51,1,5602,967200"
"Boston,1,1141,1,1,27,3,2712,484500"
"Indianapolis,3,3212,3,2,30,1,12404,416300"
"Boston,1,1407,1,1,36,1,1960,675800"
"Chicago,2,1894,2,1,11,3,6290,463600"
"Boston,1,1146,1,1,30,1,3304,669300"
"San Francisco,1,1056,2,1,21,3,4131,1021300"
"Chicago,2,1332,3,3,65,2,3681,340600"
"San Francisco,1,1269,2,2,18,1,2520,884900"
"Chicago,2,1631,3,3,67,1,5519,402900"
"Boston,1,1264,1,1,1,0,5005,606300"
"Phoenix,3,2352,4,2,32,1,8799,423000"
"Phoenix,3,1391,2,1,21,1,2817,257400"
"Chicago,2,1319,3,1,35,1,2862,367000"
"San Francisco,1,1645,3,2,61,1,5451,1383000"
"Chicago,2,2545,4,3,76,2,7317,585600"
"Indianapolis,3,2040,2,1,58,1,2514,274800"
"Boston,1,1835,2,1,40,1,2931,801700"
"Boston,1,969,2,1,40,0,1395,515700"
"Phoenix,3,1157,1,1,79,1,1967,182100"
"New York,1,1069,3,2,79,2,2195,743700"
"Chicago,2,2749,5,2,61,2,10744,727300"
"Phoenix,3,2245,3,1,13,1,6946,549500"
"San Francisco,1,1340,1,1,21,1,1813,1141300"
"Denver,2,1533,4,3,21,1,4447,575800"
"Denver,2,1364,3,2,18,2,3305,413500"
"Boston,1,1324,2,2,77,1,4384,568500"
"Columbus,3,2199,3,1,12,2,8081,357800"
"New York,1,1713,2,2,68,1,2368,964100"
"Seattle,2,3253,5,3,64,1,12829,1306100"
"Columbus,3,2713,4,3,42,1,3695,435800"
"New York,1,2751,4,1,24,0,8943,1854800"
"Phoenix,3,2336,5,3,21,1,8710,601500"
"San Francisco,1,1625,2,1,54,1,5370,1307000"
"Austin,2,2289,3,2,53,1,3713,614000"
"San Francisco,1,1673,2,2,43,3,2982,1353500"
"Chicago,2,2960,5,3,45,0,3893,780700"
"Phoenix,3,2163,3,1,66,2,3389,451400"
"Columbus,3,2071,3,2,60,1,2839,306400"
"Indianapolis,3,1983,2,1,60,1,2677,249700"
"Chicago,2,3031,5,3,22,0,8408,904800"
"Phoenix,3,968,1,1,5,2,1369,263900"
"Austin,2,3095,5,3,36,2,7398,828000"
"Columbus,3,1779,3,2,27,2,5670,259000"
"Chicago,2,986,3,2,26,1,1225,396800"
"Columbus,3,1411,2,1,41,1,4217,194600"
"New York,1,827,3,2,74,2,2746,590200"
"Austin,2,2325,4,2,64,2,6284,832300"
"Chicago,2,1225,3,1,54,1,3101,265100"
"New York,1,2010,3,2,57,2,6525,1157200"
"New York,1,2637,4,2,33,2,7076,1484500"
"Indianapolis,3,1463,3,1,43,1,3842,277200"
"Austin,2,1726,3,2,34,2,5946,780600"
"New York,1,1053,2,1,64,0,3733,630800"
"Seattle,2,1648,2,1,79,0,3678,643600"
"Seattle,2,3573,5,2,34,2,8444,1470000"
"Chicago,2,2406,4,3,57,3,8282,630100"
"Indianapolis,3,1728,4,2,4,1,4710,248500"
"Indianapolis,3,1502,2,1,32,0,4691,297400"
"Chicago,2,1872,2,1,69,0,2640,332500"
"Chicago,2,1985,2,2,54,1,2912,502700"
"Seattle,2,1628,3,1,42,2,4378,641800"
"Columbus,3,2245,3,2,17,1,7844,445600"
"New York,1,1280,3,3,64,0,2670,949200"
"San Francisco,1,1277,2,2,77,2,4967,875500"
"Indianapolis,3,2141,3,2,31,0,7127,293700"
"Columbus,3,1140,3,2,64,1,3863,167700"
"Boston,1,2374,3,2,47,2,8393,1142000"
"Chicago,2,1891,4,2,31,0,3617,556000"
"Austin,2,712,1,1,26,1,1513,284900"
"Seattle,2,1971,2,1,40,0,3019,743100"
"Boston,1,805,2,1,32,1,1823,551800"
"New York,1,2351,4,2,49,3,3057,1699600"
"Denver,2,1738,2,1,11,2,5743,690700"
"Austin,2,3103,4,2,38,0,10697,732300"
"Austin,2,2596,3,2,59,0,4668,838800"
"New York,1,1211,4,3,67,1,3114,877500"
"Indianapolis,3,587,1,1,22,2,1809,122200"
"Chicago,2,1409,1,1,48,2,4620,334700"
"Columbus,3,1106,2,2,24,2,4329,237200"
"San Francisco,1,3087,4,3,63,1,5439,1880600"
"Chicago,2,1893,2,1,28,3,3579,465800"
"Columbus,3,2507,5,3,53,2,9002,404600"
"Seattle,2,1715,3,1,34,1,2525,759100"
"New York,1,1783,2,1,21,1,6063,1120800"
"Boston,1,1879,3,2,46,1,2956,823200"
"Boston,1,2619,4,3,49,1,6549,1353100"
"Austin,2,2103,3,2,54,1,6011,541600"
"Seattle,2,1213,1,1,63,1,4064,502800"
"Boston,1,2955,4,2,54,2,4494,1362100"
"Chicago,2,1710,2,1,68,2,5998,456000"
"San Francisco,1,1604,2,1,33,1,5745,1197200"
"Seattle,2,500,1,1,40,1,1711,238800"
"Chicago,2,2312,4,2,38,0,8842,733000"
"New York,1,1966,2,2,46,1,7161,1171400"
"New York,1,1965,2,1,11,2,6583,1184000"
"New York,1,1638,2,1,68,1,4623,1033400"
"San Francisco,1,1526,4,2,41,3,5286,1172900"
"Austin,2,1660,2,1,44,2,6525,649900"
"San Francisco,1,2201,3,2,70,2,6569,1589600"
"Boston,1,2315,4,2,37,1,4351,1226500"
"Indianapolis,3,1750,3,1,36,1,3314,275000"
"Columbus,3,2517,4,2,45,3,8630,406700"
"New York,1,1849,4,2,75,2,7341,1389700"
"Boston,1,1572,3,3,20,3,2812,775500"
"Austin,2,2029,4,2,12,2,7946,733300"
"Columbus,3,1016,2,1,8,1,1982,234500"
"Phoenix,3,2051,4,2,58,0,4832,404600"
"New York,1,898,2,1,0,1,3361,691700"
"New York,1,1232,3,2,56,1,4796,708900"
"Seattle,2,588,3,1,70,3,1639,298600"
"Columbus,3,1786,4,3,54,2,6894,299200"
"Columbus,3,2946,4,3,13,1,10484,512600"
"San Francisco,1,1824,3,2,53,1,6614,1347400"
"Denver,2,2318,4,2,35,0,8417,666700"
"New York,1,3429,7,3,1,1,7823,2230400"
"Chicago,2,2163,3,1,15,3,2781,583300"
"Columbus,3,1403,3,2,59,2,2330,261100"
"Austin,2,1492,2,2,44,1,2101,531000"
"San Francisco,1,1900,3,2,39,2,3570,1855500"
"Denver,2,1489,2,1,62,0,2017,425600"
"Seattle,2,1537,3,3,41,3,3036,644700"
"Phoenix,3,2540,3,2,77,2,7237,457300"
"Seattle,2,2567,5,3,4,0,4094,1167400"
"Columbus,3,830,1,1,22,2,1730,207500"
"Boston,1,1368,2,1,15,0,2500,794700"
"New York,1,1598,4,2,33,2,2343,986100"
"Boston,1,2289,3,2,72,1,7080,1171800"
"San Francisco,1,2643,4,2,32,1,9780,2039100"
"Boston,1,3656,6,3,25,2,11717,1529100"
"Chicago,2,1597,3,2,6,1,4976,483000"
"New York,1,1630,4,2,31,0,6442,1324600"
"New York,1,2283,4,2,18,2,7414,1672600"
"New York,1,1457,2,1,15,1,1941,866800"
"San Francisco,1,1808,4,1,10,2,3274,1264500"
"Columbus,3,1630,2,1,50,2,4865,231700"
"Indianapolis,3,500,1,1,56,0,1495,81600"
"San Francisco,1,1980,3,1,59,3,6992,1536600"
"Phoenix,3,1781,2,1,4,1,2929,333400"
"Chicago,2,2726,3,2,73,1,10761,636600"
"Indianapolis,3,1904,3,2,40,1,5037,338400"
"Seattle,2,1084,2,1,44,2,4094,598400"
"Boston,1,1732,3,1,70,0,4646,897600"
"Austin,2,541,1,1,22,1,932,202500"
"Columbus,3,1113,2,2,40,1,2430,255400"
"Chicago,2,2313,3,2,5,2,4208,650100"
"Austin,2,1739,3,1,39,1,3373,586300"
"Boston,1,2500,5,3,21,1,9233,1397200"
"Chicago,2,622,1,1,14,1,1404,259800"
"Columbus,3,1742,3,2,49,1,2981,221500"
"Seattle,2,1591,2,1,10,2,3533,665200"
"Chicago,2,2521,5,3,77,1,7382,605700"
"Seattle,2,2337,5,3,18,1,4119,846300"
"Austin,2,2317,4,2,6,1,3111,896100"
"Austin,2,2902,4,3,35,2,10569,1159900"
"Phoenix,3,1661,2,2,31,1,3106,350100"
"Indianapolis,3,2768,4,2,52,1,10579,411600"
"Austin,2,1221,2,1,53,2,1626,414500"
"Seattle,2,1197,2,1,47,2,3618,535700"
"Seattle,2,2389,4,3,45,0,7317,1115300"
"New York,1,922,2,2,62,1,1509,502200"
"Boston,1,2272,4,3,52,1,6958,1134600"
"San Francisco,1,1966,2,1,11,2,4493,1564300"
"Austin,2,2597,4,2,37,1,5892,775700"
"New York,1,1861,2,2,55,1,6806,1151100"
"Seattle,2,1936,3,2,21,1,7486,1049300"
"Phoenix,3,2231,5,3,69,1,3740,360200"
"Boston,1,1469,4,3,38,2,4577,769000"
"Denver,2,1441,3,2,25,1,2353,590400"
"Columbus,3,2208,3,1,30,1,2866,294400"
"Denver,2,1881,2,1,49,2,3045,527000"
"New York,1,1635,3,2,56,2,4867,1113400"
"Seattle,2,1846,2,1,20,3,5970,857800"
"Denver,2,2936,6,3,13,2,7691,945600"
"Austin,2,1612,1,1,7,1,6230,531400"
"New York,1,1593,3,2,39,0,5320,1152300"
"Austin,2,790,1,1,74,3,1305,268700"
"Denver,2,1872,3,2,76,2,3336,584100"
"Boston,1,2327,4,2,44,1,6676,1207400"
"Denver,2,2444,4,2,42,1,5214,606400"
"San Francisco,1,1970,3,1,40,1,2369,1655000"
"Seattle,2,2521,4,2,18,1,3197,1001400"
"Phoenix,3,2375,3,2,33,2,5564,528700"
"Boston,1,2623,4,3,74,2,6993,1249900"
"Denver,2,2540,5,3,49,1,7694,967400"
"Seattle,2,2920,5,3,19,3,9743,1267500"
"Boston,1,1790,2,2,7,3,7003,907700"
"Columbus,3,1037,1,1,60,1,3680,164000"
"Seattle,2,2331,4,3,72,1,5120,801100"
"New York,1,2407,3,2,8,2,6492,1811300"
"Columbus,3,2920,4,2,30,1,5269,396500"
"Phoenix,3,2733,5,3,68,3,10693,609900"
"Chicago,2,3165,5,3,20,1,8543,817900"
"San Francisco,1,2303,3,1,14,2,4374,1409700"
"New York,1,2049,4,2,31,1,6613,1656000"
"Chicago,2,1000,1,1,31,1,2566,178800"
"New York,1,2100,3,2,38,2,8381,1424700"
"New York,1,1541,2,2,77,0,2172,964400"
"Phoenix,3,2037,3,2,77,1,4358,267400"
"Boston,1,1935,2,2,46,1,7425,967000"
"San Francisco,1,2207,4,3,6,0,5498,1640000"
"San Francisco,1,1837,3,2,21,0,3808,1408100"
"Austin,2,2508,5,3,14,1,7257,1035900"
"Denver,2,500,1,1,0,1,1530,271000"
"Columbus,3,2023,5,3,30,0,2953,336400"
"New York,1,2682,3,2,0,1,5166,1753300"
"New York,1,3116,4,2,45,2,6435,2399300"
"Austin,2,2376,5,3,21,0,4487,856800"
"Seattle,2,2995,5,2,57,2,6805,1052600"
"Austin,2,2010,3,1,42,0,4296,605000"
"Indianapolis,3,1902,3,2,76,0,6178,219000"
"Denver,2,2244,4,3,38,1,6456,679400"
"Seattle,2,1898,3,2,12,1,4559,1000400"
"Indianapolis,3,1391,1,2,73,1,2448,180700"
"San Francisco,1,1565,3,1,24,2,3721,1073200"
"Indianapolis,3,1177,2,1,61,1,2007,177300"
"Austin,2,2243,4,3,62,1,8671,719400"
"Austin,2,1907,4,3,73,2,3216,665500"
"Indianapolis,3,1666,3,2,51,1,6005,252500"
"Austin,2,1532,1,1,40,2,4479,616500"
"Austin,2,2228,5,3,30,1,7732,712500"
"Boston,1,2407,3,2,35,1,8877,981000"
"Chicago,2,1165,2,2,62,1,4021,360900"
"Denver,2,1063,1,1,45,1,3030,264900"
"New York,1,2520,4,3,3,1,4908,1691000"
"Chicago,2,1006,2,1,29,3,3066,366800"
"Chicago,2,2256,4,3,73,1,2738,403900"
"Seattle,2,2951,5,3,16,3,6660,1266400"
"San Francisco,1,2953,4,3,37,1,10638,1865000"
"Austin,2,2380,4,2,66,0,6725,580400"
"San Francisco,1,2361,3,1,23,1,4556,1561200"
"San Francisco,1,3364,5,4,54,3,12440,2537000"
"Austin,2,500,1,1,62,1,621,171700"
"San Francisco,1,1598,4,2,26,2,5868,1537900"
"Boston,1,2452,4,3,71,1,8157,1128600"
"Chicago,2,1681,1,1,35,2,2706,415100"
"Boston,1,2706,5,3,23,2,3724,1081600"
"Indianapolis,3,1874,3,2,18,2,7240,331800"
"Columbus,3,1986,3,2,21,2,2756,432300"
"Denver,2,1721,2,1,45,1,6758,494700"
"Indianapolis,3,1560,2,1,18,3,3709,248400"
"Columbus,3,1544,4,3,28,1,3381,262500"
"Boston,1,2076,3,2,56,1,6270,1091800"
"Phoenix,3,1397,1,1,70,2,3617,292100"
"New York,1,2520,4,2,54,2,5776,1536500"
"Chicago,2,2325,4,3,42,1,6957,582500"
"Austin,2,2615,4,2,55,2,5701,741700"
"San Francisco,1,1166,1,1,32,1,1511,895800"
"Boston,1,795,1,2,21,1,2790,537100"
"Indianapolis,3,1897,2,2,59,1,5010,267100"
"Boston,1,3784,7,4,10,2,11816,2106800"
"New York,1,2723,4,3,72,2,7653,1588000"
"New York,1,1540,1,1,34,2,4496,757700"
"Austin,2,2176,4,2,65,1,3945,898900"
"Columbus,3,2373,4,3,7,3,9058,469900"
"Phoenix,3,1011,1,1,39,1,2481,246900"
"Austin,2,2790,4,2,33,1,10536,848900"
"New York,1,1791,2,1,28,3,6196,1043400"
"San Francisco,1,1841,4,3,40,2,5921,1535000"
"Austin,2,1915,3,2,52,3,4765,497500"
"Phoenix,3,2644,4,2,75,2,3340,455100"
"Chicago,2,1409,2,1,65,1,2934,392400"
"Seattle,2,790,1,1,18,1,2419,432300"
"Denver,2,2110,3,2,78,2,4485,623500"
"Austin,2,572,1,1,39,1,845,291400"
"Denver,2,1704,3,2,36,2,4515,592000"
"Austin,2,2671,5,3,0,1,4361,720300"
"Chicago,2,2276,3,2,53,1,4683,558600"
"Austin,2,2578,4,3,70,2,6717,1018000"
"Indianapolis,3,2303,4,2,23,3,3513,344700"
"Austin,2,3467,7,5,69,1,5253,1340100"
"San Francisco,1,1518,4,3,6,1,2715,1483200"
"New York,1,2159,3,2,77,0,6168,1269300"
"Austin,2,1615,3,2,20,0,6158,522000"
"Denver,2,2522,4,2,38,2,4714,800400"
"Denver,2,1860,4,3,1,1,5981,777600"
"Chicago,2,3017,5,3,71,1,5220,588400"
"Boston,1,1555,2,1,40,2,4633,767300"
"Chicago,2,2815,5,3,77,2,4464,515600"
"Chicago,2,2286,4,3,29,1,8154,617600"
"Seattle,2,1879,3,1,4,3,6161,694300"
"Seattle,2,2253,3,2,54,1,6998,967900"
"New York,1,2070,2,1,13,1,2569,1250300"
"Seattle,2,2131,4,3,49,2,7548,1046100"
"Phoenix,3,1766,3,1,2,1,2865,366900"
"Columbus,3,1444,2,1,13,3,3890,266700"
"Denver,2,1682,2,1,51,2,5676,423700"
"Boston,1,806,1,1,53,3,2393,452600"
"Chicago,2,2447,3,2,12,1,8548,718800"
"Phoenix,3,1097,2,1,14,1,3494,309300"
"Seattle,2,1759,1,1,68,2,5835,741000"
"Phoenix,3,2321,5,3,0,2,4727,555000"
"San Francisco,1,2446,4,2,18,2,5532,2060500"
"San Francisco,1,746,1,1,77,1,1943,604100"
"New York,1,1840,1,1,43,2,5228,1333900"
"New York,1,2199,4,2,2,1,6898,1267200"
"Columbus,3,1934,3,2,71,1,5329,281300"
"Austin,2,2774,4,3,27,1,8847,760300"
"Boston,1,1366,3,1,57,2,2216,671600"
"Austin,2,568,1,1,51,1,1309,270200"
"Seattle,2,2427,4,3,29,1,9119,1161300"
"Boston,1,1551,2,1,29,2,2803,702900"
"New York,1,757,1,1,44,3,1213,612400"
"Chicago,2,1797,3,2,30,1,5904,531700"
"New York,1,2700,5,3,13,2,4710,1883800"
"Phoenix,3,1079,2,2,57,2,2677,205300"
"New York,1,3418,6,4,53,1,10914,2580400"
"Chicago,2,1355,2,1,48,2,3466,320300"
"Phoenix,3,1957,3,2,59,3,7288,391400"
"New York,1,1108,3,2,41,2,4054,937000"
"San Francisco,1,1927,4,2,74,0,5026,1354600"
"Indianapolis,3,1813,4,2,70,2,7053,277900"
"Austin,2,932,1,1,78,2,1880,300600"
"Chicago,2,3737,7,4,8,2,6932,1005700"
"San Francisco,1,1578,2,1,8,0,4855,1304500"
"Boston,1,1579,2,1,37,0,4427,761900"
"Austin,2,2530,2,1,55,2,4815,781400"
"Columbus,3,3079,5,4,19,1,6894,463400"
"Boston,1,2632,3,2,9,3,4876,1027300"
"Phoenix,3,1119,2,1,2,1,2085,320900"
"Chicago,2,2039,2,1,44,2,4545,585800"
"New York,1,677,2,1,78,0,2564,460800"
"Boston,1,2486,4,2,37,2,8795,1237800"
"New York,1,837,3,2,58,2,2205,565900"
"Austin,2,1378,1,1,4,1,3497,367400"
"Chicago,2,1898,4,3,17,1,2445,529700"
"Austin,2,2189,2,1,54,3,5460,542900"
"Boston,1,1730,3,2,32,2,5098,888800"
"Chicago,2,2887,4,2,2,1,9758,919000"
"Denver,2,2370,3,2,18,1,5206,689300"
"Austin,2,2319,3,2,63,3,8753,719700"
"Denver,2,1101,1,1,54,2,3911,318100"
"New York,1,3005,4,3,64,1,4298,1869400"
"Chicago,2,1378,0,1,28,1,5138,402300"
"Seattle,2,3029,5,4,74,0,5525,1017100"
"Seattle,2,3214,6,3,73,2,12166,1435500"
"New York,1,2233,4,2,29,2,6623,2021600"
"Denver,2,2571,5,3,16,1,6051,951900"
"Denver,2,500,1,1,76,1,1211,157200"
"Seattle,2,1773,2,1,27,1,4922,738200"
"Columbus,3,2616,5,3,39,1,9320,421000"
"Columbus,3,2501,4,2,74,3,8862,372500"
"San Francisco,1,1107,1,1,21,2,2614,1053000"
"Chicago,2,1709,3,2,70,1,6114,497200"
"Seattle,2,500,1,1,12,0,1261,260700"
"Indianapolis,3,2168,3,2,23,0,5136,339700"
"New York,1,676,1,1,31,2,1272,617600"
"Boston,1,2635,4,3,38,1,9270,1201200"
"Austin,2,2669,4,2,19,1,7837,883900"
"Boston,1,1592,2,2,70,3,3832,803600"
"Chicago,2,2239,3,2,53,1,6839,625000"
"Austin,2,1759,2,2,53,2,6351,634000"
"New York,1,2057,4,3,58,0,3608,1367000"
"Austin,2,1154,2,2,50,1,2653,432300"
"Columbus,3,2305,4,2,51,2,5220,360400"
"Phoenix,3,833,2,1,52,2,1177,168000"
"Austin,2,711,1,1,57,2,1518,216900"
"Boston,1,1821,2,1,73,1,6069,856200"
"New York,1,1763,2,1,15,1,3366,1213500"
"Columbus,3,2077,3,3,41,1,7208,381500"
"Chicago,2,1478,2,1,14,0,5727,392300"
"Denver,2,3126,5,3,14,1,5712,977400"
"Columbus,3,2004,4,2,75,1,4704,308300"
"New York,1,2051,5,3,37,0,3215,1588500"
"Chicago,2,2028,3,2,56,1,6364,580100"
"New York,1,2552,5,2,58,1,6508,1493100"
"New York,1,2274,5,3,2,1,6477,1721900"
"Austin,2,2187,3,1,39,2,7393,670700"
"Seattle,2,2378,4,2,14,3,8022,724800"
"Indianapolis,3,714,2,1,25,1,1888,185300"
"Seattle,2,739,1,1,15,1,2712,382700"
"Phoenix,3,1851,3,2,53,2,7051,439900"
"Phoenix,3,1772,2,1,10,1,5256,359300"
"Chicago,2,2277,2,1,36,2,2977,513000"
"Indianapolis,3,1913,3,1,24,0,6452,276200"
"Seattle,2,2278,3,2,77,2,8423,928700"
"Seattle,2,1090,1,1,63,1,3007,449800"
"New York,1,1893,3,2,28,2,5984,1399400"
"Boston,1,1028,1,1,23,1,2258,509000"
"Columbus,3,2151,4,3,57,1,5605,355300"
"Austin,2,679,1,1,50,1,2332,236900"
"Seattle,2,2126,3,2,44,1,7766,1044000"
"New York,1,945,1,1,5,3,1439,644600"
"Austin,2,1651,2,1,6,1,2061,528700"
"Chicago,2,2482,4,3,50,1,5575,607500"
"Boston,1,2048,3,2,37,1,4699,1241300"
"Phoenix,3,830,1,1,66,1,2793,187700"
"Chicago,2,1463,3,1,2,2,1791,404200"
"Phoenix,3,924,1,1,14,2,3085,276300"
"Boston,1,798,1,1,63,0,2156,393600"
"Chicago,2,1976,4,3,78,1,6232,525200"
"New York,1,2264,4,3,58,2,5945,1621600"
"Seattle,2,2186,3,2,1,1,7463,981200"
"Chicago,2,2292,4,3,4,2,5555,683300"
"Chicago,2,1892,4,1,70,1,4103,376900"
"New York,1,1722,3,3,39,1,5135,1407200"
"Columbus,3,1203,1,1,39,1,2941,199200"
"San Francisco,1,1614,1,1,76,1,3308,970200"
"Denver,2,1041,1,1,19,2,3912,371800"
"Indianapolis,3,1351,2,2,22,1,4357,227400"
"Denver,2,1958,4,2,54,2,3429,545800"
"Phoenix,3,1823,2,1,72,1,5965,365800"
"Denver,2,3892,6,3,29,2,7421,1293900"
"Phoenix,3,1025,1,1,12,1,2468,196500"
"Chicago,2,1819,2,1,4,1,3290,478500"
"Chicago,2,975,1,1,0,1,1479,310300"
"New York,1,1648,2,1,29,1,3819,1087000"
"Phoenix,3,1674,3,2,42,0,4611,419000"
"New York,1,2449,4,2,39,1,5011,1436600"
"Indianapolis,3,1608,4,3,19,0,2267,325900"
"New York,1,1776,2,1,54,1,3373,1103600"
"New York,1,1620,4,3,70,1,3058,1272300"
"Columbus,3,989,2,1,18,2,2823,210800"
"Boston,1,1476,2,1,53,3,2937,666100"
"Seattle,2,1652,2,1,43,2,4451,690100"
"Chicago,2,1948,2,2,54,3,4903,594000"
"New York,1,2263,3,2,1,3,4403,1610400"
"New York,1,1748,3,2,53,0,5725,1182900"
"Austin,2,1736,3,1,59,1,5328,608600"
"Boston,1,781,1,1,54,1,2425,353500"
"New York,1,2251,5,3,67,0,5434,1506200"
"San Francisco,1,1448,2,2,59,2,3021,1037500"
"Seattle,2,2386,4,2,78,2,6810,1097600"
"Boston,1,2756,4,2,53,2,10708,1346100"
"San Francisco,1,1778,3,2,35,2,4294,1539000"
"Chicago,2,1235,2,1,66,2,3783,248200"
"Chicago,2,1889,3,2,55,1,4606,530400"
"San Francisco,1,2127,3,2,44,0,8107,1601600"
"Boston,1,1695,3,2,46,3,3290,686300"
"Columbus,3,1533,3,2,28,2,3807,296100"
"Denver,2,2266,4,2,49,1,5851,564600"
"Seattle,2,2223,3,2,37,0,7203,981000"
"Austin,2,1675,3,2,10,2,5393,756900"
"New York,1,825,1,1,35,2,2698,497500"
"Phoenix,3,2197,4,2,75,1,7145,415900"
"Columbus,3,1401,2,2,26,3,3524,273400"
"Columbus,3,2039,3,2,54,1,3335,241100"
"New York,1,1998,3,2,33,3,7267,1550800"
"Boston,1,672,1,1,22,2,1418,445100"
"New York,1,1953,3,1,30,2,2947,1611800"
"Boston,1,2234,3,3,76,3,3486,1059700"
"Seattle,2,2314,3,2,8,2,5982,899200"
"Chicago,2,1976,4,3,53,1,4728,563200"
"New York,1,615,2,2,66,2,1881,553000"
"Columbus,3,2730,5,2,14,1,7953,443400"
"San Francisco,1,2167,3,2,60,0,3252,1731200"
"San Francisco,1,1118,2,1,50,2,2271,643300"
"Columbus,3,1388,1,1,27,1,5149,298800"
"Chicago,2,2050,4,3,14,1,6861,666100"
"Seattle,2,2342,3,1,75,1,8519,623900"
"Denver,2,1583,2,1,15,0,1997,528800"
"New York,1,2437,4,2,75,1,9148,1182900"
"New York,1,735,1,1,51,2,2654,509600"
"Austin,2,1222,1,1,68,1,3014,414600"
"Seattle,2,558,1,1,23,2,1722,327100"
"Denver,2,1317,3,2,2,1,2583,572700"
